Title,topic
Бакытбек Жетигенов президенттин Ысык-Көл облусундагы ыйгарым...,politika
Уланбек Далиев президенттин Ысык-Көл облусундагы ыйгарым укуктуу өкүлү кызматынан бошотулду,politika
Нурлан Исаков «Кыргызалтындын» төрагасынын орун басары болуп дайындалды,politika
Алтынбек Жумаев Майлуу-Суу шаарынын мэри болуп дайындалды,politika
Владимир Шадыканов коргоо министринин орун басары болуп дайындалды,politika
Медер Абакиров тышкы иштер министринин орун басары болуп дайындалды,politika
Нурлан Эрматов Жалал-Абад облусунун башчысынын биринчи орун басары болду,politika
Мамасалы Акматов ээлеген кызматынан бошотулду,politika
"Бузурман Субанов ""Кумтөр Голд Компанинин"" президенти болуп шайланды",politika
"""Учур"" жаштар театрына жаңы директор дайындалды",politika
Каракол мамлекеттик музыкалык окуу жайынын директорлугуна сынак жарыяланды,politika
Алмазбек Усенов Жеке маалыматтарды коргоо боюнча мамагенттиктин директору болду,politika
Жеке маалыматтарды коргоо боюнча мамагенттиктин директору ээлеген кызмат ордунан бошотулду,politika
Курванбек Авазов УКМК төрагасынын орун басары болуп дайындалды,politika
Таалайбек Абыкеев Бишкек шаардык сотунун төрагасы болуп дайындалды,politika
Айбек Молдогазиев Кыргызстандын АКШдагы элчиси болуп дайындалды,politika
Айбек Молдогазиев тышкы иштер министринин орун басары кызматынан бошотулду,politika
Ички иштер министрлигинде бир катар кадрдык өзгөрүүлөр болду,politika
Айбек Шаменов президенттин Баткен облусундагы өкүлү болуп дайындалды,politika
Абдикарим Алимбаев Чек ара кызматынын директору болуп дайындалды,politika
УКМК Антитеррордук борборунун директору Айбек Шаменов ээлеген кызматынан бошотулду,politika
Чек ара кызматынын директору Уларбек Шаршеев ээлеген кызматынан бошотулду,politika
Президенттин Баткен облусундагы өкүлү кызматынан бошотулду,politika
Кубанычбек Ысабеков Салык кызматынын төрагасынын орун басары болуп дайындалды,politika
Дүйшөнкул Чотонов Кыргызстандын  Өзбекстандагы элчиси болуп дайындалды,politika
Алмамбет Шыкмаматов Мамлекеттик салык кызматынын төрагасы болуп дайындалды,politika
Бакыт Сыдыков экономика жана коммерция министри болуп дайындалды,politika
Мамкурулуштун Баткен региондук башкармалыгына жаңы жетекчи дайындалды,politika
Данияр Амангелдиев минкаб төрагасынын биринчи орун басарынын милдетин аткаруучу болду,politika
Адылбек Касымалиев министрлер кабинетинин төрагасынын милдетин аткаруучу болуп дайындалды,politika
Президент Акылбек Жапаровду башка ишке өткөндүгүнө байланыштуу кызматтан бошотту,politika
"Таластагы ""Манас ордо"" комплексине жаңы директор дайындалды",politika
Равшанбек Сабиров эмгек министри болуп дайындалды,politika
Кыдыкбек Кыдыров Салык кызматынын төрагасынын милдеттерин убактылуу аткарат,politika
Исламбек Кыдыргычов Салык кызматынын төрагасынын орун басарлыгынан убактылуу бошотулду,politika
Салык кызматынын төрагасы Алтынбек Абдувапов ээлеген кызматынан убактылуу четтетилди,politika
Аман Салиев Бириккен Араб Эмираттарындагы элчи болуп дайындалды,politika
Абдилатиф Жумабаев Бириккен Араб Эмираттарындагы элчи кызматынан бошотулду,politika
Тогуз-Торо райондук милициясына жаңы жетекчи дайындалды,politika
Равшанбек Сабиров эмгек министринин милдетин аткаруучу болуп дайындалды,politika
Жылдыз Полотова эмгек министри кызматынан бошотулду,politika
Капарбек Адиев Свердлов районунун акими болуп дайындалды,politika
Нурбек Букуев Улуттук онкология жана гематология борборунун директору болуп дайындалды,politika
"Алмаз Кулматов ""Кыргыз Туусу"" гезитинин башкы редактору болуп дайындалды",politika
Жергиликтүү өз алдынча башкаруу иштери боюнча мамагенттиктин түндүк башкармалыгына жаңы жетекчи дайындалды,politika
Ноокат райондук ички иштер бөлүмүнө жаңы жетекчилер дайындалды,politika
Салтанат Аманова Ош шаардык билим берүү башкармалыгынын башчысы болду,politika
Руслан Мусаев Дин иштери боюнча мамкомиссиянын директорунун орун басары болду,politika
Санариптик өнүктүрүү министрине жаңы орун басарлар дайындалды,politika
Адилет Абылбеков  “Бишкекжашылкурулуш” ишканасынын директору болуп дайындалды,politika
Адилет Билимбек уулу Бишкек аза кызматын көрсөтүү агенттигинин башчысы болду,politika
Бакыт Шеримбеков мэриянын муниципалдык мүлктү башкаруу департаментин жетектеди,politika
Алия Койчукеева Ленин райондук билим берүү башкармалыгынын башчысы болду,politika
Уран Мусаев мэриянын жеке турак жай курулушу  жана шаар куруу департаментин жетектеди,politika
Өсүмдүктөрдү химиялаштыруу департаментине жаңы директор дайындалды,politika
"Азиз Биймырза уулу ""Манас"" улуттук академиясынын президенти болду",politika
Надира Жусупбекова билим берүү министринин орун басары болуп дайындалды,politika
Канатбек Осмонов Сот департаментинин директорунун орун басары болуп дайындалды,politika
"""Кыргыз Туусу"" жана ""Слово Кыргызстана"" гезиттеринин редакторлору алмашты",politika
“Бишкекшаарлифт” ишканасына жаңы директор дайындалды,politika
Темирбек Эркинов тышкы иштер  министринин орун басары болуп дайындалды,politika
Баялы Досалиев Кочкор районунун акими болуп дайындалды,politika
Кочкор районунун акими Камил Чоткараев кызматынан бошотулду,politika
Муса Жаманбаев Кыргызстандын Өзбекстандагы элчиси кызматынан бошотулду,politika
Бактыбек Аманбаев Кыргызстандын АКШдагы элчиси кызматынан бошотулду,politika
Медербек Сатыев Жогорку соттун төрагасы болуп дайындалды,politika
Светлана Аширова Кыргыз мамлекеттик циркинин директору болуп дайындалды,politika
Муса Катаганов Монополияга каршы жөнгө салуу кызматынын төрагасынын орун басары болду,politika
Социалдык коргоо департаментине жаңы директор дайындалды,politika
Замирбек Базарбеков Жогорку соттун төрагасы кызматынан бошотулду,politika
Улан Карыпбеков Транспорт каражаттарын жана айдоочулук курамды каттоо боюнча мамагенттиктин директору болду,politika
Рустам Жокоев кызматынан бошотулду,politika
Каарманбек Байдавлетов саламаттык сактоо министринин орун басары болуп дайындалды,politika
Женалы Орозбаев Монополияга каршы жөнгө салуу кызматынын төрагасы болду,politika
Гүлшат Асылбаева  экономика министринин орун басары болуп дайындалды,politika
Бактыгүл Иманбек кызы Маалыматтык чөйрөнү изилдөө борборунун директору болуп дайындалды,politika
Жусуп Баласагын атындагы Кыргыз улуттук университетинин ректору алмашты,politika
Азамат Юсупов Дин иштери боюнча мамлекеттик комиссиянын директору болду,politika
Алмазбек Полотов  Сүлүктү шаарынын мэринин  орун басары болуп дайындалды,politika
Нарынбек Сатыбалдиев жаратылыш министринин орун басары болуп дайындалды,politika
Маданият министрлигинде бир катар кадрдык өзгөрүүлөр болду,politika
Муратбек Бегалиев опера жана балет театрынын директору болуп дайындалды,politika
Бектур Алиев Улуттук банктын төрагасынын орун басары болуп дайындалды,politika
Тойгонбай Абдыкаров Дин иштери боюнча комиссиянын директорлугунан бошотулду,politika
Алмаз Тургунбаев транспорт министринин орун басары болуп дайындалды,politika
Абсаттар Сыргабаев транспорт министри болуп дайындалды,politika
Медер Машиев жаратылыш министри болуп дайындалды,politika
Президент коомдук башталышта иштеген бардык жардамчы жана кеңешчилерин бошотту,politika
Авазбек Атаханов Кыргызстандын Пакистандагы элчиси болуп дайындалды,politika
Азамат Эргешов Аламүдүн районунун акими болуп дайындалды,politika
Мурадин Тешебаев Аламүдүн районунун акими кызматынан бошотулду,politika
Мухтарбек Баймурзаев эмгек министринин биринчи орун басары болуп дайындалды,politika
Медер Машиев жаратылыш министринин милдетин аткаруучу болуп дайындалды,politika
Азис Сапаралиев мурда жүктөлгөн жаратылыш министринин милдетин аткаруудан бошотулду,politika
Азат Козубеков Улуттук банктын төрагасынын орун басары болуп дайындалды,politika
Жаныбек Керималиев айыл чарба министринин биринчи орун басары болду,politika
Президент Садыр Жапаров Кара-Көл шаарынын мэрин алмаштырды,politika
Бактыбек Осмонов Тоң районунун акими болуп дайындалды,politika
Улуттук банктын төрагасынын эки орун басары ээлеген кызматынан бошотулду,politika
Инвестициялар боюнча улуттук агенттиктин директоруна жаңы орун басар дайындалды,politika
Свердлов акимчилигинде кадрдык өзгөрүүлөр болду,politika
Тариел Айтиев Октябрь районунун акиминин орун басары болду,politika
Байышбек Астанакулов Талас шаарынын мэри болуп дайындалды,politika
Бишкек музыкалык-педагогикалык институтуна жаңы директор дайындалды,politika
Канат Табалдиев Кара-Суу районунун акими болуп дайындалды,politika
Жыргалбек Мамаев Балыкчы шаардык сотунун төрагасы болуп дайындалды,politika
Кубанычбек Бөкөнтаев Кыргызстандын Россиядагы элчиси болуп дайындалды,politika
Кыргызстандын бир катар облустарында жаңы прокурорлор дайындалды,politika
Эрмат Жумаев президенттин Талас облусундагы өкүлү болуп дайындалды,politika
Жыргал Исмаилов башкы прокурордун орун басары кызматына дайындалды,politika
Мирбек Расулов башкы прокурордун орун басары кызматынан бошотулду,politika
Нурлан Дарданов президенттин Талас облусундагы өкүлү кызматынан бошотулду,politika
Нурлан Садыков энергетика министринин орун басары болуп дайындалды,politika
Нурбек Талантбеков  Улуттук “Манас” театрына директор болуп дайындалды,politika
Данияр Сатаров Чолпон-Ата шаарынын мэри болуп дайындалды,politika
Урматбек Сматов Ош облустук милициясынын башчысынын орун басары болду,politika
Руслан Айтбаев Ала-Бука районунун акими болуп дайындалды,politika
Айнура Аскарова Улуттук китепкананын директору болуп дайындалды,politika
"Азиз Биймырза уулу ""Манас"" театрынын директору кызматынан кетти",politika
Абсаттар Сыргабаев транспорт министринин м.а. болуп дайындалды,politika
Тилек Текебаев президенттин Жалал-Абад облусундагы өкүлү болуп дайындалды,politika
Гулбара Абдыкалыкова маданият министринин орун басары болуп дайындалды,politika
"Максат Алмаз уулу ""Кыргызкурулуш"" мамлекеттик ишканасын жетектемей болду",politika
Автандил Токтоналиев жаңы кызматка дайындалды,politika
Кыял Жанузакова эмгек министринин орун басары болуп дайындалды,politika
Руслан Бердибаев акыйкатчынын Ысык-Көл облусу боюнча өкүлү болуп дайындалды,politika
Куралбек Абдыкадыров Нарын облустук сотунун төрагасы болуп дайындалды,politika
"Салават Садыракунов ""Электр станциялар"" ишканасын жетектемей болду",politika
Азамат Юсупов Дин иштери боюнча мамлекеттик комиссиянын директорунун орун басары болду,politika
Канатбек Сейдалиев Мамлекеттик тил комиссиянын төрагасынын орун басары болду,politika
Жылдыз Орозобекова ээлеген кызматынан бошотулду,politika
Нургазы Курманбеков Бишкек ЖЭБнин директору болду,politika
Азис Сапаралиев жаратылыш ресурстары министринин милдетин аткаруучу болуп дайындалды,politika
Курсантбек Каримов Балыкчы шаарынын прокурору болуп дайындалды,politika
Уланбек Тотуяев Кыргызстандын Пакистандагы элчиси кызматынан бошотулду,politika
Мелис Тургунбаев жаратылыш ресурстары министри кызматынан бошотулду,politika
"Шамшыбек Качкынбай уулу ""Салык Сервис"" мекемесинин директору болуп дайындалды",politika
Нургүл Салиева Салык кызматынын төрагасынын орун басары болуп дайындалды,politika
Түп райондук сотунун төрагасы  өз каалоосу менен кызматынан кетти,politika
Кубанычбек Бөкөнтаев Улуттук банктын төрагасы кызматынан кетет,politika
"Талантаалы Бакчиев ""Манас"" улуттук академиясынын президенти кызматынан бошотулду",politika
Канат Насипов Бишкек шаарынын прокурору кызматына дайындалды,politika
Жыпариса Рысбекова жаңы кызматка дайындалды,politika
Жыпариса Рысбекова эмгек министринин биринчи орун басары кызматынан бошотулду,politika
Бишкек мэриясынын аппарат жетекчиси алмашты,politika
Темиркул Балтабаев Мамлекеттик ипотекалык компаниянын төрагасы болду,politika
Алмамбет Шыкмаматов президенттин жардамчысы болуп дайындалды,politika
Чыңгыз Ахматов Ош облусунун прокурору болуп дайындалды,politika
Талайбек Байгазиев Бишкек мэринин орун басары болуп дайындалды,politika
"Жылдыз Полотова эмгек, социалдык камсыздоо жана миграция министри болуп дайындалды",politika
Чүй облустук сотунун төрагасынын жаңы орун басары дайындалды,politika
Нурбек Каимов башкы прокурордун орун басары болуп дайындалды,politika
Улан Айтбаев башкы прокурордун орун басары кызматынан бошотулду,politika
Нурлан Токобаев Кыргызстандын Кувейттеги элчиси болуп дайындалды,politika
Малик Бектурганов башкы прокурордун орун басары болуп дайындалды,politika
Баймурза Маатов башкы прокурордун биринчи орун басары болуп дайындалды,politika
Улукбек Султанов башкы прокурордун биринчи орун басары кызматынан бошотулду,politika
Жылдыз Полотова эмгек министринин милдетин аткаруучу болуп дайындалды,politika
"Гүлнара Баатырова эмгек, социалдык камсыздоо жана миграция министри кызматынан бошотулду",politika
Кыргызстандын Азербайжандагы элчиси алмашты,politika
Таалайбек Бейшебаев “Кыргызавтожол-Түндүк”  ишканасынын директорунун орун басары болду,politika
Максат Асаналиев Кыргызстандын башкы прокурору болуп дайындалды,politika
Курманкул Зулушев башкы прокурор кызматынан бошотулду,politika
Президент башкы прокурорлук кызматка Максат Асаналиевдин талапкерлигин сунуштады,politika
Алматы шаарындагы Кыргызстандын башкы консулу алмашты,politika
Максат Тентимишов Екатеринбург шаарындагы Кыргызстандын башкы консулу болуп дайындалды,politika
Президенттин Ош облусундагы өкүлүнүн биринчи орун басары алмашты,politika
Уланбек Аалиев Свердлов райондук милициясынын башчысы болуп дайындалды,politika
"Жанузак Туран уулу ""Ыйман"" коомдук фондунун төрагасы болуп дайындалды",politika
Гүлнара-Клара Самат Кыргызстандын Россиядага элчиси кызматынан бошотулду,politika
Бакыт Тыналиева Улуттук аттестациялык комиссиясынын төрайымы кызматынан бошотулду,politika
Транспорт министрлигинин Автомобиль жолдору башкармалыгына жаңы жетекчи дайындалды,politika
Фархат Алжамбаев Каракол шаарынын мэри болуп дайындалды,politika
Артем Новиков Россия-Кыргыз өнүктүрүү фондунун төрагасы болуп кайрадан дайындалды,politika
Президенттин Тоолуу региондорду өнүктүрүү боюнча атайын өкүлү алмашты,politika
Жамалбек Ырсалиев Бишкек мэринин орун басары болуп дайындалды,politika
Кубанычбек Айтакунов Свердлов районунун башчысы болуп дайындалды,politika
"""Бишкекжашылкурулуш"" ишканасына жаңы жетекчи дайындалды",politika
"Жолдош Чуштуков ""Тазалык""  ишканасынын директору болуп дайындалды",politika
Рамиз Алиев Бишкек мэринин орун басары болуп дайындалды,politika
Узакбаев президенттин чечимдерин даярдоо боюнча башкармалыктын башчысынын орун басары болду,politika
Сузактагы кырсык. Райондук милициянын жетекчилиги кызматтан алынды,politika
Инвестициялар боюнча агенттиктин директору Талантбек Имановго эскертүү берилди,politika
Президенттин Ош облусундагы ыйгарым укуктуу өкүлү Элчибек Жантаевге сөгүш берилди,politika
Кубан Адыл уулу башкы прокурордун орун басары кызматынан бошотулду,politika
Максат Усубалиев Туризм департаментинин директору болуп дайындалды,politika
Айдит Эркин Кыргызстандын Нидерландыдагы жана Люксембургдагы элчиси болуп дайындалды,politika
"Кемин, Жети-Өгүз жана Лейлек райондорунун акимдеринин орун басарлары кызматтан бошотулду",politika
Кыргызстандын бир катар министрлери тартиптик жаза алды – тизме,politika
Атай Муратбек мэриянын Жерди пайдаланууну контролдоо башкармалыгынын жетекчиси болду,politika
Болот Чолпонбаев Бишкек мэриясынын Капиталдык курулуш башкармалыгын жетектеди,politika
"Мухаммед Темирбаев  Тоннелдерди пайдалануу, оңдоо жана күтүү кызматынын башчысы болду",politika
Авазбек Сатымкул уулу  Кочкор райондук сотунун судьясы болуп дайындалды,politika
Алтынбек Маматов мэриянын Жерди пайдаланууну контролдоо башкармалыгын жетектейт,politika
Кара-Суу шаар куруу жана архитектура башкармалыгына жаңы жетекчи дайындалды,politika
Курулушта сертификаттоонун республикалык борборуна жаңы жетекчи дайындалды,politika
Бишкектин Мамлекеттик архитектура-курулуш көзөмөлдөө башкармалыгына жаңы жетекчи дайындалды,politika
Мирлан Жекшенов Кара-Балта шаарынын мэри болуп дайындалды,politika
Халида Эргешева “Кабар” агенттигинин директорунун орун басары болуп дайындалды,politika
Талас шаардык муниципалдык менчик башкармалыгына жаңы жетекчи дайындалды,politika
Чүй районунда башкы архитектор дайындалды,politika
Асанкары Ахматов Кемин районунун башкы архитектору болуп дайындалды,politika
Улан Майлибашев Кант шаарынын мэри болуп дайындалды,politika
Бишкек мэриясында кадрдык өзгөрүүлөр болду,politika
"Айчүрөк Усупбаева ""Окуу китеби"" басма үйүнун директору болуп дайындалды",politika
Өзгөн районунун Архитектура башкармалыгына жаңы жетекчи дайындалды,politika
Ички иштер органдарынын жетекчилик курамында жаңы дайындоолор болду,politika
Жалал-Абад облустук милициясынын башчысы жана орун басары кызматтан алынды,politika
Назарбек Малаев кайрадан экономика жана коммерция министринин орун басары болуп дайындалды,politika
КМШ Экономикалык кеңешине караштуу Экономикалык маселелер боюнча комиссиядагы КРнын өкүлү алмашты,politika
Маратбек Акназаров Мамлекеттик экспертиза департаментинин жетекчиси болуп дайындалды,politika
Баткен облустук сотунун төрагасынын эки орун басары дайындалды,politika
Кудрет Тайчабаров Туризмди колдоо фондунун жетекчиси болду,politika
Эмгек министринин жаңы орун басарлары дайындалды,politika
Мирлан Усенканов Климаттык каржылоо борборунун директорунун орун басары болуп дайындалды,politika
Адилет Амантаев Климаттык каржылоо борборунун директору болуп дайындалды,politika
Жер титирөөгө туруктуу курулуш маминститутуна жаңы жетекчи дайындалды,politika
Кубанычбек Асанов Нарын облусунун прокурору болуп дайындалды,politika
Кыргыз геология кызматынын директору алмашты,politika
Мирслав Аманкулов жаратылыш министринин орун басары болуп дайындалды,politika
Алмазбек Сокеев Суу ресурстары кызматынын директору болуп дайындалды,politika
Айыл чарба министринин жаңы орун басарлары дайындалды,politika
Айыл чарба министринин дагы эки орун басары кызматынан бошотулду,politika
Кубат Касейинов айыл чарба министринин биринчи орун басары болуп дайындалды,politika
Мурат Раматов айыл чарба министринин биринчи орун басарлыгынан бошотулду,politika
Сюита Соурбаева УТРК директорунун орун басары болуп дайындалды,politika
Рустам Жокоев Транспорт каражаттарын каттоо мамагенттигинин директорунун орун басарлыгына дайындалды,politika
Камил Чоткараев Кочкор районунун акими болуп дайындалды,politika
Русланбек Тагаев Чүй районунун акими болуп дайындалды,politika
Президент Ысык-Ата районуна жаңы аким дайындады,politika
Ысык-Ата районунун акими ишеничтен кеткенине байланыштуу кызматынан бошотулду,politika
Нурбек Сатаров Нарын облусунун башчысынын орун басары кызматынан бошотулду,politika
Жыпариса Рысбекова эмгек министринин биринчи орун басары болуп дайындалды,politika
Жыпаркүл Бектемирова Жети-Өгүз районунун акиминин орун басары болуп дайындалды,politika
Эрмек Мамбетжанов ИИМдин Катчылыгынын башчысы болуп дайындалды,politika
Бакай Турдугулов Мамкурулуш агенттигинин директорунун орун басары болуп дайындалды,politika
Эмгек министринин эки орун басары кызматынан бошотулду,politika
Нурлан Нартаев КР Соода-өнөр жай палатасынын вице-президенти болуп дайындалды,politika
Жетиген Бакиров Кыргыз-Өзбек өнүктүрүү фондунун башкармасынын мүчөсү болуп дайындалды,politika
Президенттин жана министрлер кабинетинин чечимдерин аткарууну контролдоо башкармалыгынын начальнигинин орун басары алмашты,politika
Мелис Мураталиев Мамлекеттик тил боюнча улуттук комиссиянын төрагасы болуп дайындалды,politika
Азамат Карагулов Кыргызстандын Кувейттеги элчиси кызматынан бошотулду,politika
Данияр Арпачиев президенттин Ысык-Көлдөгү өкүлүнүн биринчи орун басары болду,politika
Жеңишбек Жоробеков ЖКККББнын башчысы болуп дайындалды,politika
Исраилов Жол кыймылынын коопсуздугун камсыздоо башкармалыгынын башчылыгынан бошотулду,politika
Сүлүктү жана Кызыл-Кыя шаардык мэрияларында кадрдык өзгөрүүлөр болду,politika
Улан Чаначев эмгек министринин орун басары кызматынан бошотулду,politika
Аскар Бешимов Кыргызстандын Непалдагы элчиси болуп дайындалды,politika
Мамлекеттик мүлктү башкаруу агенттигине жаңы директор дайындалды,politika
Президенттин администрациясынын саясий жана экономикалык изилдөөлөр башкармалыгынын башчысы алмашты,politika
Уланбек Далиев президенттин Ысык-Көл облусундагы өкүлү болуп дайындалды,politika
Эмилбек Абдыкадыров президенттин Ысык-Көлдөгү өкүлү кызматынан бошотулду,politika
"Бакыт Чомоев ""Кыргызавтожол"" ишканасынын башкы директору болуп дайындалды",politika
Рустам Канаев КР СӨПтүн Ысык-Көл облусундагы өкүлү болуп дайындалды,politika
Сагынбаев президент жана минкаб чечимдерин даярдоо башкармалыгынын башчысынын орун басары болду,politika
Бекназар Базаралиев транспорт министринин орун басары болуп дайындалды,politika
Президенттин Жалал-Абаддагы өкүлүнүн жаңы орун басары облус активине тааныштырылды,politika
Президент жергиликтүү сотторго бир катар судьяларды дайындады. Тизме,politika
Санжар Муканбетов Стратегиялык изилдөөлөр  улуттук институтунун директору болуп дайындалды,politika
Адыл Сыдыгалиев Жеке маалыматтарды коргоо боюнча мамагенттиктин директору болуп дайындалды,politika
Талантбек Арстанкулов президенттин Ош облусундагы өкүлүнүн орун басары болуп дайындалды,politika
Адилет Токторбаев Талас шаардык “Таза суу” ишканасын жетектейт,politika
Максат Байжигитов Талас шаарына коммуналдык кызмат көрсөтүү ишканасын жетектеди,politika
Эркин Аскаров Талас мэринин биринчи орун басары болуп дайындалды,politika
"Шайырбек Абдырахман уулу ""Манас"" театрынын директорунун орун басары болуп дайындалды",politika
Тариэль Жаныбеков Баалуу металлдар департаментинин директору болуп дайындалды,politika
Максат Сыдыков президенттин Жалал-Абад облусундагы өкүлүнүн орун басары болуп дайындалды,politika
Эркинбек Маматаев президенттин Жалал-Абаддагы өкүлүнүн орун басары кызматынан бошотулду,politika
Тимур Абдижалил БАЭнин Дубайдагы Кыргызстандын Башкы консулу кызматынан бошотулду,politika
Жаныш Раимжанов Жалал-Абад мэринин орун басары болуп дайындалды,politika
Жаниев Маммүлктү башкаруу агенттигинин директорунун биринчи орун басары болуп дайындалды,politika
Маммүлктү башкаруу агенттигинин директорунун биринчи орун басары кызматтан бошотулду,politika
Мамлекеттик мүлктү башкаруу агенттигинин директору кызматынан бошотулду,politika
Тариэл Айтиев Октябрь райондук акимчилигинин аппарат жектечиси болуп дайындалды,politika
Чыңгыз Бапаев Алай районунун акими болуп дайындалды,politika
Азамат Кожомамбетов Алай районунун акими кызматынан бошотулду,politika
Бишкек ЖЭБине жаңы жетекчи дайындалды,politika
Бишкектеги тик учактын кыйрашы. Айрым кызмат адамдары убактылуу иштен бошотулду,politika
Уланбек Бейшенбаев Транспорт департаментинин директору болуп дайындалды,politika
“Кыргызфармациянын”  жана  Дары каражаттары  департаментинин башчылары кызматтан бошотулду,politika
Илияз Ташбаев президенттин Ош облусундагы өкүлүнүн орун басары болуп дайындалды,politika
Бишкек мэриясы: Улан Уезбаев ээлеген кызматынан бошотулду,politika
"Талас райондук, шаардык билим берүү бөлүмүнө жаңы жетекчи дайындалды",politika
Насипбек Керимов энергетика министринин орун басары болуп дайындалды,politika
Сот адилеттигинин жогорку мектебинин директору болуп Анархан Базаралиева дайындалды,politika
Нурбек Анарбекин “Мамлекеттик-жеке өнөктөштүк борборунун” башчысы болуп дайындалды,politika
Баймурзаев Маммүлктү башкаруу боюнча агенттиктин директорунун орун басары болуп дайындалды,politika
Канат Рыскулов Маммүлктү башкаруу боюнча агенттигинин директорунун орун басарлыгынан бошотулду,politika
"""Электр станциялар"" ишканасына жаңы башкы директор дайындалды",politika
Улан Сарылбек уулу Биринчи май районунун акими болуп дайындалды,politika
Төрөбаев айыл чарба жана кайра иштетүү өнөр жайы министри болуп дайындалды,politika
Нуржана Урустамова Соцфонддун төрагасынын орун басары болуп дайындалды,politika
Ош шаардык ветеринардык башкармалыгынын башчысы алмашты,politika
Муканбетов президенттин жана министрлер кабинетинин чечимдерин даярдоо башкармалыгынын башчысынын орун басары болду,politika
Сагынбаев президенттин жана министрлер кабинетинин чечимдерин экспертизалоо бөлүмүнүн башчылыгынан бошотулду,politika
"Төрөбаев суу ресурстары, айыл чарба жана кайра иштетүү өнөр жай министринин м.а. болуп дайындалды",politika
Аскарбек Жаныбеков айыл чарба министри кызматынан бошотулду,politika
Таалатбек Масадыков ЖККУнун Башкы катчысынын орун басары болуп дайындалды,politika
Аскар Бешимов Кыргызстандын Шри-Ланкадагы элчиси болуп дайындалды,politika
Анвар Анарбаев Кыргызстандын Малайзиядагы элчиси болуп дайындалды,politika
Марат Нуралиев Кыргызстандын Катардагы элчиси болуп дайындалды,politika
Мырзабек Жыпаркулов Экологиялык жана техкөзөмөл кызматынын директору болуп дайындалды,politika
"""Бишкексуучарбанын"" директору болуп  Болотбек Одракаев дайындалды",politika
Мэриянын Муниципалдык мүлктү башкаруу департаментинде жаңы башчы,politika
Бейшеке уулу Адилет Бишкектин Ленин районунун акиминин орун басары болуп дайындалды,politika
Маданият министрлигине караштуу Улуттук маданий борборго башкы директор дайындалды,politika
Аскер прокурору болуп Мирбек Расулов дайындалды,politika
Сагындык Мукашов Аскер прокурору кызматынан бошотулду,politika
Улан Айтбаев башкы прокурордун орун басары болуп дайындалды,politika
Президент башкы прокурордун орун басарын кызматтан бошотту,politika
Президент Кадамжай районуна жаңы аким дайындады. Өмүр баяны,politika
Мирбек Шамырканов Чоң-Алай районунун акими болуп дайындалды,politika
Мелс Аттокуров Улуттук банктын төрагасынын орун басары болуп дайындалды,politika
Кутпидин Шакиров Кадамжай районунун акими кызматынан бошотулду,politika
Заир Чокоев Улуттук банктын төрагасынын орун басарлыгынан бошотулду,politika
Толенды Макеев Кыргызстандын Словакия жана Чехиядагы элчиси болуп дайындалды,politika
Ош облустук ИИБ башчысынын жаңы орун басарлары дайындалды,politika
Президент Жакыпбек Субагожоевди Ноокат районунун акими кылып дайындады,politika
Темирболот Абыкеев Кара-Суу районунун акими болуп дайындалды,politika
Канат Төлөгөнов Жарандык авиация мамагенттигинин директорунун орун басары болуп дайындалды,politika
Санжарбек Болотов экономика министринин орун басары болуп дайындалды,politika
Шайлообек Козубаев президенттин Оштогу өкүлүнүн биринчи орун басары болуп дайындалды,politika
Канатбек Азиз Стратегиялык изилдөөлөр улуттук институтунун директорлугунан бошотулду,politika
Ысык-Көл драма театрына жаңы директор дайындалды,politika
Алтынбек Кутманов Свердлов районунун башчысы болуп дайындалды,politika
Азиз Садырбеков президенттин Ысык-Көлдөгү өкүлчүлүгүнүн аппарат жетекчиси болду,politika
Нурмухамед Миңбаев Туризм департаментинин директору болуп дайындалды,politika
Максатбек Саргазаков Мамкызмат жана ЖӨБМАнын директорунун орун басары болуп дайындалды,politika
Акылбек Жапаров экономика министринин төрт орун басарын кызматынан бошотту,politika
Билим берүү министринин жаңы орун басарлары дайындалды,politika
Билим берүү министринин биринчи орун басары алмашты,politika
Транспорт министринин орун басарлары алмашты,politika
Урмат Кожомбердиев Сот департаментинин директору болуп дайындалды,politika
Уезбаев мэриянын транспорт жана жол-транспорттук инфратүзүмдү  өнүктүрүү департаментин жетектейт,politika
Азамат Кадыров Бишкек мэринин орун басары болуп дайындалды,politika
Бишкектин мурдагы мэри президенттин Ысык-Көл облусундагы өкүлү болуп дайындалды,politika
Президент өзүнүн Ысык-Көл облусундагы өкүлүн кызматтан бошотту,politika
Президент Нурдан Орунтаевди Мамкурулуш агенттигине директор кылып дайындады,politika
Мырзабек Жыпаркулов Мамкурулуш агенттигинин директорлугунан бошотулду,politika
Улугбек Кожобергенов Ветеринардык кызматтын директору болуп дайындалды,politika
Тимурлан Ажымалиев маданият министринин биринчи орун басары кызматына дайындалды,politika
Кайрат Иманалиев маданият министринин биринчи орун басары кызматынан бошотулду,politika
Улан Шерипов Ат-Башы райондук сотунун төрагасы болуп дайындалды,politika
Канат  Сагынбаев президенттин жана министрлер кабинетинин чечимдерин экспертизалоо бөлүмүнүн башчысы болду,politika
Аликеев президенттин жана министрлер кабинетинин чечимдерин экспертизалоо бөлүмүнүн башчылыгынан бошотулду,politika
Даврон Алмазбеков президенттин протокол кызматынын жетекчиси болуп дайындалды,politika
Кадыралиев президенттин жана министрлер кабинетинин чечимдерин даярдоо боюнча башкармалыгынын начальниги болду,politika
Айбек Жунушалиев Бишкектин мэри болуп дайындалды,politika
Эмилбек Абдыкадыров Бишкек шаарынын мэри кызматынан бошотулду,politika
Аскат Алагозов президенттин маалымат катчысы болуп дайындалды,politika
Эрбол Султанбаев Кыргызстандын Беларусиядагы элчиси болуп дайындалды,politika
Эрмек Ибраимов Кыргызстандын Беларусиядагы элчиси кызматынан бошотулду,politika
ИИМдин Күзөт жана Кылмыш иликтөө кызматтарына жаңы жетекчилер дайындалды,politika
Алмазбек Апышев  Баткен облустук сотунун төрагасы болуп дайындалды,politika
Алтынай Сакеева Санкт-Петербургдагы Кыргызстандын башкы консулу болуп дайындалды,politika
Эрик Бейшембиев Казандагы Кыргызстандын башкы консулу болуп дайындалды,politika
Нурбек Сатаров Нарын облусунун ыйгарым укуктуу өкүлүнүн орун басары болуп дайындалды,politika
Шайирбек Сулайманов Эне жана баланы коргоо улуттук борборунун директору болуп дайындалды,politika
Айжамал Шамбетова саламаттык сактоо министринин орун басары болуп дайындалды,politika
Атабек Абылгазиев энергетика министринин орун басары болуп дайындалды,politika
Нурсултан Усубалиев президенттин жардамчысы болуп дайындалды,politika
Эрнис Ашырбаев президент жана министрлер кабинетинин ЖКдагы туруктуу өкүлүнүн орун басары болуп дайындалды,politika
Медербек Исмаилов саламаттык сактоо министринин биринчи орун басары болуп дайындалды,politika
Клим Омельченко санариптик өнүктүрүү министринин орун басары болуп дайындалды,politika
Догдуркүл Кендирбаева билим берүү министри болуп дайындалды,politika
Догдуркүл Кендирбаева  билим берүү министринин милдетин аткаруучу болуп дайындалды,politika
Уланбек  Усеков билим берүү министринин милдеттерин убактылуу аткаруудан бошотулду,politika
Алтынбек Жумаев Кыргызстандын Малайзиядагы элчиси кызматынан бошотулду,politika
"Айнагүл Токобаева ""Кыргызфильмдин"" директору болуп дайындалды",politika
Нурдөөлөт Базарбаев эмгек министринин биринчи орун басары болуп дайындалды,politika
Руслан Бийбосунов Екатеринбургдагы КРнын башкы консулу кызматынан бошотулду,politika
Чыңгыз Эшимбеков Кыргызстандын Катардагы элчиси кызматынан бошотулду,politika
Акылбек Жапаров санариптик өнүктүрүү министринин эки орун басарын кызматтан бошотту,politika
Үмүтжан Аманбаев финасы министринин орун басары болуп дайындалды,politika
Мурдагы эмгек министри Кудайберген Базарбаев жаңы кызматка дайындалды,politika
Нурия Кутнаева санариптик өнүктүрүү министри болуп дайындалды,politika
"Гүлнара Баатырова эмгек, социалдык камсыздоо жана миграция министри болуп дайындалды",politika
Алымкадыр Бейшеналиев саламаттык сактоо министри болуп дайындалды,politika
Жыргалбек Шаршембиев Талас мамлекеттик университетинин ректору болуп дайындалды,politika
"Умбриэль Темиралиев ""Бишкек"" ЭЭАнын башкы директору болуп дайындалды",politika
Гүлшат Асылбаева Монополияга каршы жөнгө салуу кызматынын төрагасы болуп дайындалды,politika
Шергазы Мурзахмедов Түп районунун акими болуп дайындалды,politika
Медетбек Букуев министрлер кабинетинин төрагасынын кеңешчиси болуп дайындалды,politika
Бектур Зулпиев президенттин кеңешчиси болуп дайындалды,politika
Гүлнара Баатырова эмгек министринин м.а. болуп дайындалды,politika
Алымкадыр Бейшеналиев саламаттык сактоо министринин м.а. болуп дайындалды,politika
Кудайберген Базарбаев ээлеген кызмат ордунан бошотулду,politika
Алмамбет Касымбеков Жеке маалыматтарды коргоо боюнча мамагенттиктин директорунун м.а. болуп дайындалды,politika
Нурия Кутнаева санариптик өнүктүрүү министринин м.а. болуп дайындалды,politika
Инвестициялар боюнча улуттук агенттиктин директорлугуна Талантбек Иманов дайындалды,politika
Иманалиев билим берүү министри кызматынан бошотулду. Жарлыкка президент кол койду,politika
Айбек Мамыралиев Монополияга каршы жөнгө салуу кызматынын төрагасы болду,politika
Жапарбек Ормонов Ысык-Көл районунун акими болуп дайындалды,politika
Бекмаат Масаидов Панфилов районунун акими болуп дайындалды,politika
Азамат Кожомамбетов Алай районунун акими болуп дайындалды,politika
Каныбек Апбасов Өзгөн районунун акими болуп дайындалды,politika
Шабдан Абыкаев Өзгөн районунун акими кызматынан бошотулду,politika
Жаратылыш министринин жаңы эки орун басары дайындалды,politika
Мурат Раматов айыл чарба министринин биринчи орун басары болуп дайындалды,politika
Президент Ысык-Көл районунун акимин кызматтан бошотту,politika
Азаматбек Жоробеков Мамлекеттик банктын төрагасынын орун басары болуп дайындалды,politika
Түп районунун акими өз каалоосу менен ээлеген кызматынан бошотулду,politika
Азамат Токтоналиев Бишкек ШИИББнин башчысы болуп дайындалды,politika
Кеңешбай Тайлаков Монополияга каршы жөнгө салуу кызматынын төрагалыгынан кетти,politika
Асылбек Сатывалдиев Жер ресурстары кызматынын директору болуп дайындалды,politika
Токтобүбү Ашымбаева билим берүү министринин орун басарлыгынан бошотулду,politika
Алмаз Аттокуров Чүй районунун акими болуп дайындалды,politika
Маил Алияскаров айыл чарба министринин орун басары болуп дайындалды,politika
Маданият министринин мурдагы орун басары Оштун мэринин кеңешчиси болду,politika
“Кыргызреставрация” илимий-изилдөө долбоорлоо институтунун жетекчиси алмашты,politika
Рыскул Боромбаев Кыргыз мамлекеттик циркинин директору болуп дайындалды,politika
Жыргалбек Шакиев Бишкектин Ленин районунун акими болуп дайындалды,politika
Алмаз Мамбетов Азербайжан-Кыргыз өнүктүрүү фондунун теңтөрагасы болуп дайындалды,politika
Эне жана баланы коргоо улуттук борборуна жаңы жетекчи дайындалды,politika
Айбек Артыкбаев Кыргызстандын Монголиядагы элчиси болуп дайындалды,politika
Бишкек электр тармактар ишканасына жаӊы директор дайындалды,politika
Сейдикеримова президенттин Таластагы өкүлүнүн орун басары болуп дайындалды,politika
Сүйүнбек Усенов Жалал-Абад электр тармактар ишканасынын директору болуп дайындалды,politika
Нурбек Тотонов Мамлекеттик өнүктүрүү банкынын Директорлор кеңешинин мүчөсү болду,politika
Элдана Сатарова Мамлекеттик мүлктү башкаруу агенттигинин директорунун орун басары болуп дайындалды,politika
Руслан Казакбаев Кыргызстандын Израилдеги элчиси болуп дайындалды,politika
Талайбек Байгазиев энергетика министринин орун басары болуп дайындалды,politika
Манас Мураталиев Тогуз-Торо районунун акими болуп дайындалды,politika
Адилет Абдирешов «Кыргызавтожол» ишканасынын директорунун орун басары болду,politika
"Жумаш Содомбаев ""Кыргызавтожол"" ишканасынын директору болуп дайындалды",politika
Бекжан Супаналиев билим берүү министринин орун басары болуп дайындалды. Өмүр баяны,politika
Шухрат Айтиев менен Айчүрөк Назаралиева акыйкатчынын орун басарлары болуп шайланды,politika
Альберт Колопов акыйкатчынын орун басары кызматынан бошотулду,politika
Бишкектин спорт мектептерине жаңы жетекчилер дайындалды. Тизме,politika
Сабырбек Султанбеков энергетика министринин орун басары кызматынан бошотулду,politika
Мамлекеттик цирктин директору Фархад Бекманбетов кызматтан кетти,politika
Азамат Темиркулов жаратылыш ресурстары министринин орун басары болуп дайындалды,politika
Назира Керималиева Статкомдун төрагасынын биринчи орун басары болуп дайындалды,politika
Айнура Мурзатаева Финансы рыногун жөнгө салуу кызматынын төрагасынын орун басары болуп дайындалды,politika
Алтынбек Жумаев Кыргызстандын Малайзиядагы элчиси болуп дайындалды,politika
Улан Чаначев эмгек министринин орун басары болуп дайындалды,politika
Рахат Мусаева Биринчи май районунун акиминин орун басары болуп дайындалды,politika
Аида Рысбаева билим берүү министринин орун басары болуп дайындалды,politika
Самат Шатманов Туризм департаментинин директору болуп дайындалды,politika
Мирлан Карагулов Базар-Коргон районунун акими болуп дайындалды,politika
Талант Өмүралиев КР Мамлекеттик өнүктүрүү банкынын төрагасы болуп дайындалды,politika
Жамиля Жаманбаева Кыргызстандын акыйкатчысы болуп шайланды,politika
Бапаев Каракол шаарынын мэри болуп дайындалды,politika
Эрмат Жумаев Талас шаарынын мэри болуп дайындалды,politika
Аскар Шабданов Талас шаарынын мэри кызматынан бошотулду,politika
Максат Нусувалиев Токмок шаарынын мэри болуп дайындалды,politika
Урматбек Самаев Токмок шаарынын мэри кызматынан бошотулду,politika
Октябрь акимчилигине жаңы аппарат жетекчиси дайындалды,politika
Надира Жусупбекова ээлеген кызматынан бошотулду,politika
Пирназаров Финансы рыногун жөнгө салуу жана көзөмөлдөө кызматынын төрагасы болуп дайындалды,politika
"Гулбара Абдыкалыкова ""Сулайман-Тоо"" музей комплексинин башкы директору болуп дайындалды",politika
Президенттин администрациясында кадрдык ротациялоо жүргүзүлдү,politika
Жергиликтүү бийлик органдарында бир катар кадрдык дайындоолор болду,politika
Олимпиада оюндарынын байге ээси Канат Бегалиев мамлекеттик мекемени жетектейт,politika
Замир Юсупов Ош шаарынын мэринин орун басары болуп дайындалды,politika
Жарандык авиация мамлекеттик агенттигинин директору алмашты,politika
Осмонов президенттин жана министрлер кабинетинин чечимдерин аткарууну контролдоо башкармалыгынын начальниги болду,politika
Президенттин администрациясынын сот жана прокуратура органдары менен өз ара аракеттенүү бөлүмүнүн башчысы алмашты,politika
Президент Базар-Коргон районунун акимин кызматтан бошотту,politika
Карыпбеков Мамлекеттик кызмат жана ЖӨБ иштери боюнча мамагенттикти жетектейт,politika
Президент Ош облусуна жаңы өкүлүн дайындады,politika
Зиядин Жамалдинов баштаган Ош облусунун бир катар жетекчилери кызматтан бошотулду - тизме,politika
Бишкектин Октябрь районунун акими алмашты,politika
Идрис Кадыркулов бир эле кезде Кыргызстандын үч мамлекеттеги элчиси болуп дайындалды,politika
Акжолтой Бекболотов Кинематография департаментинин директору болуп дайындалды,politika
Тилек Салыков экология министринин биринчи орун басары болуп дайындалды,politika
Айбек Абдымомунов Дене тарбия жана спорт департаментинин директору болуп дайындалды,politika
Ош мэринин орун басары жана кеңешчиси ээлеген кызматтарынан бошотулду,politika
Талас шаардык муниципалдык менчик башкармалыгына жаңы жетекчи дайындалды,politika
Мураталы Тагаев Бишкектин Ленин районунун акими болуп дайындалды,politika
Мураталы Тагаев Жети-Өгүз районунун акими кызматынан бошотулду,politika
Айбек Орозобаев Нарын шаардык суу канал ишканасын жетектемей болду,politika
Шералы Камчыбеков Жогорку соттун төрагасынын орун басары болуп дайындалды,politika
Айбек Давлетов Жогорку соттун төрагасынын орун басарлыгынан бошотулду,politika
Кадырбердиева ЭВФтин аткаруучу директорунун КРдан кеңешчиси кызматына сунушталды,politika
Бишкектин Ленин районунун акими ээлеген кызматынан бошотулду,politika
Талантбек Кушчубеков Кыргызстандын Словениядагы элчиси болуп дайындалды,politika
Нарын шаардык транспорт ишканасына жаңы жетекчи дайындалды,politika
Абдыгулов ЭВФтин аткаруучу директорунун Кыргызстандан кеңешчиси кызматынан бошотулду,politika
Мелис Тургунбаев экология министри болуп дайындалды,politika
Жалал-Абад шаардык мэриясында кадрдык өзгөрүүлөр болду,politika
Жумакадыр Курмангалиев Чүй облустук драма театрынын директору болду,politika
"Тургунбаев жаратылыш ресурстары, экология жана техникалык көзөмөл министринин м.а. болуп дайындалды",politika
Динара Кутманова ээлеген кызматынан бошотулду,politika
Мурат Соорбеков транспорт министринин кеңешчиси болуп дайындалды,politika
Бишкек мэри Эмилбек Абдыкадыров жаңы орун басарын дайындады,politika
Кайрат Иманалиев маданият министринин биринчи орун басары болуп дайындалды,politika
Финансылык кредиттик фондунун төрагасы болуп Элдияр Доолбеков дайындалды,politika
Назарбек Малаев экономика министринин орун басары болуп дайындалды,politika
УТРКнын башкы директору болуп Болотбек Тиллебаев дайындалды,politika
Кайрат Иманалиев УТРКнын башкы директору кызматынан бошотулду,politika
Ош мэриясында кадрдык өзгөрүүлөр болду,politika
Болот Абдыжапаров Сүлүктү шаарынын мэри болуп дайындалды,politika
Мурат Осмонов Бишкек мэринин  кеңешчиси болуп дайындалды,politika
Мурадин Тешебаев Аламүдүн районунун акими болуп дайындалды,politika
Илияз Ташкулов Сокулук районунун акими болуп дайындалды,politika
Канат Жумагазиев президенттин Чүй облусундагы ыйгарым укуктуу өкүлү болуп дайындалды,politika
Президент Сокулук районунун акимин кызматтан алды,politika
Нурил Алымбаев президенттин Чүй облусундагы ыйгарым укуктуу өкүлү кызматынан бошотулду,politika
Кыялбек Акматов билим берүү министринин кеңешчиси болуп дайындалды,politika
Кыргызстандын күч түзүмдөрүндө милиция кызматкерлерин ротациялоо уланууда,politika
Каныбек Иманалиев билим берүү жана илим министри болуп дайындалды,politika
Нурлан Дарданов президенттин Талас облусундагы ыйгарым укуктуу өкүлү болуп дайындалды,politika
Бакытбек Нарбеков президенттин Талас облусундагы өкүлү кызматынан бошотулду,politika
Элдар Алишеров ЕЭКтин бажы кызматташтыгы боюнча министри болуп дайындалды,politika
Канат Асангулов Мамлекеттик финчалгындоо кызматынын төрагасы болуп дайындалды,politika
Мамлекеттик мүлктү башкаруу фондунун төрагасы алмашты,politika
Каныбек Иманалиев билим берүү министринин м.а. болуп дайындалды,politika
Уланбек Мамбетакунов билим берүү министри кызматынан бошотулду,politika
Маданият министринин мурдагы орун басары Союзбек Надырбеков жаңы кызматка дайындалды,politika
Алишер Тоотаев Ош облустук филармониясына директор болуп дайындалды,politika
Жалын Жээналиев Инвестициялар боюнча улуттук  агенттиктин директорунун орун басары болду,politika
Букуев Депозиттерди коргоо боюнча агенттигинин аткаруучу директору болуп дайындалды,politika
Эркебай Мурзабеков Депозиттерди коргоо боюнча агенттигинин аткаруучу директору кызматынан бошотулду,politika
Аскар Бешимов Кыргызстандын Индиядагы элчиси болуп дайындалды,politika
Бакыт Жангазиев кайрадан саламаттык сактоо министринин орун басары болуп дайындалды,politika
Мурат Байдылдаев жана Алмаз Аттокуров кызматка дайындалды,politika
Урмат Кожомбердиев жаратылыш министринин орун басары болуп дайындалды,politika
Батырбек Жумабеков жаратылыш министринин орун басары кызматынан бошотулду,politika
Данияр Исаматов жана Рамис Алыкулов ээлеген кызматтарынан бошотулду,politika
Марат Тагаев жана Айнура Аскарова маданият министринин орун басарлары болуп дайындалды,politika
Жалал-Абад мэринин биринчи орун басары болуп Кубанычбек Иманалиев дайындалды,politika
Кадыр Маликов Дин иштери боюнча мамкомиссиясынын директорунун кеңешчиси болду,politika
Бообек Салимжанов президенттин иш башкаруучусунун биринчи орун басары болуп дайындалды,politika
Президент Мамкурулуш агенттигинин директорун алмаштырды,politika
Майыптарды реабилитациялоо борборуна жаңы жетекчи дайындалды,politika
Уланбек Усеков билим берүү министринин биринчи орун басары болуп дайындалды,politika
Президенттин администрациясынын Кырдаалдык борборунун директору алмашты,politika
Билим берүү министринин биринчи орун басары кызматынан бошотулду,politika
"Ош шаарынын мурдагы прокурору “Кыргызалтынды"" жетектемей болду",politika
"Алмамбет Шыкмаматов ""Бишкек"" ЭЭАнын жетекчиси болуп дайындалды",politika
Президент башкы прокурордун орун басарын алмаштырды,politika
Кыргыз мал чарба жана жайыт изилдөө институтуна жаңы директор дайындалды,politika
Кудрет Тайчабаров “Бишкек” ЭЭАнын жетекчилигинен кетүү арызын жазды,politika
Улукбек Султанов башкы прокурордун биринчи орун басары болуп дайындалды,politika
Абай Молдокматов башкы прокурордун биринчи орун басарлыгынан бошотулду,politika
Түмөнбай Колдошов Бейшеналиева атындагы искусство университетинин ректору болду,politika
Кыргызстандын Новосибирск шаарындагы Башкы консулу алмашты,politika
Эркинбек Осоев Кыргызстандын Япониядагы элчиси болуп дайындалды,politika
"""Тазалык” ишканасына жаңы жетекчи дайындалды",politika
Арслан Койчиев президенттин кеңешчиси болуп дайындалды,politika
Алтынбек Жумаев президенттин кеңешчиси кызматынан бошотулду,politika
Мурат Раматов айыл чарба министринин орун басары болду,politika
Тариэль Жаныбеков “Кыргызавтожол” ишканасынын директору болду,politika
Эмилбек Орозбаев «Жашыл энергетика фонду» мекемесинин директору болуп дайындалды,politika
Дастан Жапаров Мамкурулуш агенттигинин директорунун орун басары болду,politika
Шумкарбек Пайзиев Ош мэриясынын капиталдык курулуш башкармалыгынын башчысы болду,politika
Мидин уулу Канатбек Дин иштери боюнча мамкомиссиянын директорунун орун басары болду,politika
Транспорт министринин жаңы орун басарлары дайындалды,politika
Осмон Качкынбаев “Электр станциялары” ишканасынын башчысы болуп дайындалды,politika
Бельгиядагы элчи Айдит Эркин ишти айкалыштыруу боюнча КРнын ЕБдагы өкүлү болуп дайындалды,politika
Тилек Мамадалиев саламаттык сактоо министринин орун басары болуп дайындалды,politika
Жаркынбек Касымбеков саламаттык сактоо министринин орун басарлыгынан бошотулду,politika
Курбаналы Ниязбеков Жалал-Абад облустук филармониясынын көркөм жетекчиси болду,politika
Бишкектин мэри өзүнө жаңы кеңешчи дайындады,politika
Омар Султанов Кыргызстандын Швейцариядагы элчиси болуп дайындалды,politika
Сталбек Ахунбаев президенттин коомдук башталгычта кеңешчиси болуп дайындалды,politika
Бакытбек Жетигенов Ош шаарынын мэри болуп дайындалды,politika
Алмаз Мамбетов Ош шаарынын мэри кызматынан бошотулду,politika
Канатбек Абдрахматов Улуттук илимдер академиясынын президенти болуп шайланды,politika
Алмаз Имангазиев тышкы иштер министринин орун басары болуп дайындалды,politika
Марипов ишин айкалыштыруу менен Кыргызстандын Бахрейн жана Египеттеги элчиси болуп дайындалды,politika
Азизбек Мадмаров Кыргызстандын Түркмөнстандагы элчиси болуп дайындалды,politika
Алмаз Ибраев билим берүү министринин кеңешчиси болуп дайындалды,politika
Дары-дармек жана медкаражаттар департаментине жаңы жетекчи дайындалды,politika
Транспорт министрлигинин жамаатына министрдин жаңы орун басарлары тааныштырылды,politika
Улан Кимсанов Бажы кызматынын төрагасынын биринчи орун басары болуп дайындалды,politika
"""Кыргызкөмүр"" мамлекеттик ишканасына жаңы башкы директор дайындалды",politika
Кубанычбек Айтакунов Свердлов районунун акиминин биринчи орун басары болду,politika
Жалал-Абад облустук драма театрына жаңы жетекчи келди,politika
"""Кыргызкөмүрдүн"" директору энергетика министринин орун басары болуп дайындалды",politika
Ырчы Эмилбек Балтагулов Жалал-Абад облустук филармониясына директор болду,politika
Чыңгыз Макешов экономика министринин орун басары болуп дайындалды,politika
Руслан Казакбаев Кыргызстандын Түркиядагы элчиси болуп дайындалды,politika
Кубанычбек Өмүралиев Түрк мамлекеттер уюмунун башкы катчысы болуп дайындалды,politika
Айдит Эркин Кыргызстандын Бельгиядагы элчиси болуп дайындалды,politika
"Ниязалиев КР ТИМ башчысынын орун басарлыгынан бошотулуп, анын ордуна Исаев дайындалды",politika
Бишкек шаардык сотунун судьясы Алмазбек Кудайбергеновдун ыйгарым укуктары токтотулду,politika
Токмок шаарынын экс-мэри Бишкек шаарынын вице-мэри кызматына дайындалды,politika
Асеин Исаев Кыргызстандын Индиядагы элчиси кызматынан бошотулду,politika
Сабырбек Султанбеков энергетика министринин орун басары болуп дайындалды,politika
Арнабек уулу Азамат Балыкчы шаарынын мэри болуп дайындалды,politika
Кинематография департаментинин директору кызматынан бошотулду,politika
«Эркин Тоо» гезитинин башкы редактору алмашты,politika
Сергей  Слесарев санариптик өнүктүрүү министринин орун басарлыгына дайындалды,politika
Таалайбек Ибраев энергетика министри болуп дайындалды,politika
Уланбек Мамбетакунов билим берүү жана илим министри болуп дайындалды,politika
Текебаев транспорт жана коммуникациялар министри болуп дайындалды,politika
Алтынбек Максутов маданият министри болуп дайындалды,politika
“Электр станциялары” ишканасына жаңы директор дайындалды,politika
Тилек Текебаев транспорт жана коммуникациялар министринин милдетин аткарат,politika
Алтынбек Максутов маданият министринин м.а. болуп дайындалды,politika
Билим берүү министринин милдетин Уланбек Мамбетакунов аткармай болду,politika
Таалайбек Ибраев энергетика министринин м.а. болуп дайындалды,politika
Эркинбек Осоев транспорт жана коммуникациялар министри кызматынан бошотулду,politika
Азамат Жаманкулов кызматынан бошотулду. Жарлыкка президент кол койду,politika
Алмазбек Бейшеналиев билим берүү жана илим министри кызматынан бошотулду,politika
Доскул Бекмурзаев энергетика министри кызматынан бошотулду,politika
Руслан Сүйналиев финансы министринин биринчи орун басары болду,politika
Суеркул Бакиров «Кыргызалтын» ААКсынын директорлор кеңешин жетектейт,politika
Илияз Иманбетов президенттин Ысык-Көлдөгү өкүлү болуп дайындалды,politika
Илияз Иманбетов финансы министринин биринчи орун басарлыгынан бошотулду,politika
Балыкчы шаарынын мэри кызматынан бошотулду,politika
Алтынбек Сулайманов кызматынан бошотулду. Жарлыкка президент кол койду,politika
Президенттин Ысык-Көлдөгү өкүлү Алтынбек Сулайманов кызматын тапшырып берди,politika
Актилек Мусаева Кыргызстандын Кытайдагы элчиси болуп дайындалды,politika
Канайым Бактыгулова Кыргызстандын Кытайдагы элчиси кызматынан бошотулду,politika
Инвестициялар боюнча улуттук агенттиктин директорлугуна Умбриэль Темиралиев дайындалды,politika
Равшанбек Сабиров Инвестициялар боюнча улуттук агенттиктин жетекчилигинен бошотулду,politika
Жаныбек Изибаев ээлеген кызматынан бошотулду,politika
Кыргызстандын айрым жергиликтүү сотторунун судьялары ротацияланды,politika
"""Кыргызстан улуттук электр тармагына"" жаңы директор дайындалды",politika
Нурлан Мамытов «Альфа Телеком» ЖАКтын директору болуп дайындалды,politika
Айгүл Абдраева И.Арабаев атындагы КМУга ректор болуп дайындалды,politika
Энергетика министринин милдетин Таалайбек Ибраев аткармай болду,politika
Таалайбек Ибраев энергетика министринин орун басары болуп дайындалды,politika
Доскул Бекмурзаев энергетика министри кызматынан убактылуу четтетилди,politika
Эркин Тавашаров энергетика министринин орун басары кызматынан бошотулду,politika
Талантбек Бекташов билим берүү министринин орун басары болуп дайындалды,politika
Бактияр Орозов юстиция министринин орун басары болуп дайындалды,politika
Түмөнбай Колдошов маданият министринин орун басары болуп дайындалды,politika
Гүлнара Баатырова саламаттык сактоо министри болуп дайындалды,politika
Ош технологиялык университетине жаңы ректор дайындалды,politika
Апсатаров президент администрациясынын сот жана прокуратура органдары менен өз ара аракеттенүү бөлүмүн жетектейт,politika
Медербек Сатыев президенттин администрациясынын бөлүм башчысы кызматынан бошотулду,politika
Шералиев атындагы балдар искусство мектебине жаңы директор дайындалды,politika
Нурия Сооронова айыл чарба министринин орун басары болуп дайындалды,politika
Канатбек Азиз Стратегиялык изилдөөлөр улуттук институтунун директору болуп дайындалды,politika
Жусуп Баласагын атындагы Кыргыз улуттук университетинин ректору алмашты,politika
Гүлнара Баатырова саламаттык сактоо министринин м.а. болуп дайындалды,politika
Аманбаев республикалык атайын музыкалык мектеп-интернатынын директорлугунан кетти,politika
Күрөңкеев атындагы музыкалык окуу жайынын директору кызматтан бошотулду,politika
Алымкадыр Бейшеналиев «Алтын балалыктын» директору болуп дайындалды,politika
Алымкадыр Бейшеналиев саламаттык сактоо министри кызматынан бошотулду,politika
Чыңгыз Советов Аффинаждык заводго директор болуп дайындалды,politika
Орус драма театрынын директору Евгений Кузнецов  кызматынан бошотулду,politika
Исмайил Сагыналиев ИИМдин Россиядагы өкүлү болуп дайындалды,politika
Эрнис Толтоев Ош облусунун башчысынын орун басары болуп дайындалды,politika
Президент жергиликтүү соттордун бир катар судьяларын дайындады,politika
Азимбек Бекназаров Кыргызстандын Малайзиядагы элчиси кызматынан бошотулду,politika
Виталий Чумачок Электрондук саламаттык сактоо борборунун директору болуп дайындалды,politika
Бишкек шаардык дезинфекциялык станциясына жаңы директор дайындалды,politika
Тимур Аскаров Жарандык авиация агенттигинин директорунун орун басары болду,politika
Милдеттүү медициналык камсыздандыруу фондунун төрагасы алмашты,politika
Дайырбек Орунбеков президенттин администрациясынын маалыматтык саясат кызматын жетектейт,politika
Алтынбек Жумаев президенттин кеңешчиси болуп дайындалды,politika
Алтынбек Жумаев президенттин маалыматтык саясат кызматынын жетекчиси кызматынан бошотулду,politika
Талант Султанов Кыргызстандын Түркмөнстандагы элчиси кызматынан бошотулду,politika
Мирлан Арстанбаев Кыргызстандын Япониядагы элчиси кызматынан бошотулду,politika
Бажы кызматынын төрагасынын биринчи орун басарлыгына Автандил Конгантиев дайындалды,politika
Айыл чарба министринин орун басары Нурлан Шерипов кызматынан бошотулду,politika
Ош улуттук драма театрынын директору кызматынан бошотулду,politika
"«Бишкекбашкыплан долбоорлоо институту"" ишканасына жаңы директор дайындалды",politika
Азамат Паизов «Чыгышэлектр» ишканасынын жетекчилигине дайындалды,politika
«Жалалабатэлектр» ишканасына жаңы директор дайындалды,politika
Бакыт Шаршеев Балыкчы шаарынын мэри болуп дайындалды,politika
Түмөнбаева Майыптыгы бар адамдарды реабилитациялоо борборунун директору болду,politika
УКМК төрагасынын орун басары алмашты,politika
Манас Самидинов «Манас» аэропортунун башкы директору болду,politika
Тогуз-Торо райондук сотунун судьясы кызматынан убактылуу четтетилди,politika
Мамбеткадыров санариптик өнүктүрүү министринин орун басары болуп дайындалды,politika
Президенттин Нарын облусундагы өкүлү алмашты,politika
Омошев Кочкор районунун акими болуп дайындалды,politika
Кочкор районунун акими кызматынан бошотулду,politika
Кара-Көл шаарынын мэри алмашты,politika
"Арслан Койчиев президенттин кеңешчилигинен кетип, жаңы кызматка дайындалды",politika
Муктар Жумалиев Кыргызстандын Бельгиядагы элчиси кызматынан бошотулду,politika
Талантбек Бекташов юстиция министринин орун басары болду,politika
Нурлан Садыков Улуттук энергохолдингдин башчысы болуп дайындалды,politika
Павел Хрипунов  президенттин кеңешчиси кызматынан бошотулду,politika
“Электр станциялары” ишканасына жаңы башкы директор дайындалды,politika
Данияр  Мырзабаев «Ошэлектрдин» башкы директору болуп дайындалды,politika
Эмил Шерматов президенттин иш башкармасынын жетекчисинин биринчи орун басары болуп дайындалды,politika
"Архитектура, курулуш жана турак жай-коммуналдык чарба агенттигинин директору алмашты",politika
Таш-Көмүр шаарына жаңы мэр дайындалды,politika
Энергетика министринин жаңы орун басарлары дайындалды,politika
Ачылбек Арзиев жергиликтүү соттун судьялыгынан убактылуу четтетилди,politika
Касымалиев министрлер кабинетинин төрагасынын биринчи орун басары болуп дайындалды,politika
Башкы прокурор Курманкул Зулушев өз милдетин аткарууга киришти,politika
Сулайманкулов президенттин чечимдерин аткарууну контролдоо башкармалыгынын начальниги болду,politika
Жунушалиев президенттин чечимдерин даярдоо боюнча башкармалыгынын начальниги болуп дайындалды,politika
Касымалиев министрлер кабинетинин биринчи орун басарынын м.а. болуп дайындалды,politika
Арзыбек Кожошев ээлеген кызматынан бошотулду,politika
Ализа Солтонбекова жаңы кызматка дайындалды,politika
Бишкек мэриясында кадрдык өзгөрүүлөр болду,politika
Эргешов президенттин чечимдерин даярдоо боюнча башкармалыгынын башчылыгынан бошотулду,politika
Кайрат Иманалиев УТРКнын башкы директору болуп дайындалды,politika
Абай Молдокматовго КР башкы прокурорунун милдеттерин убактылуу аткаруу жүктөлдү,politika
Саламаттык сактоо министринин милдетин убактылуу аткаруу Жаркынбек Касымбековго жүктөлдү,politika
Улуттук фтизиатрия борборунун директору Мадамин Каратаев ээлеген кызматынан бошотулду,politika
КР саламаттык сактоо министринин жаңы орун басарлары дайындалды,politika
Саламаттык сактоо министринин орун басарлары ээлеген кызматынан бошотулду,politika
Алымкадыр Бейшеналиев жана Курманкул Зулушев ээлеген кызматтарынан убактылуу четтетилди,politika
“Кыргызстан улуттук электр тармагы” ишканасынын директорунун жаңы орун басары дайындалды,politika
Омар Султанов БУУнун Женева шаарындагы туруктуу өкүлү болуп дайындалды,politika
Айнура Султанбаева Ысык-Көл облусунун башчысынын орун басары болуп дайындалды,politika
Каныбек Туманбаев президенттин иш башкаруучусу болуп дайындалды,politika
Тилек Батырканов президенттин иш башкаруучусу кызматынан бошотулду,politika
Саламаттык сактоо министри үч башкармалыктын башчысын кызматтан алды,politika
Санариптик өнүктүрүү министринин орун басары кызматынан бошотулду,politika
"Элдияр Калдарбеков ""Кыргыз көмүр"" ишканасына директор болуп дайындалды",politika
Азымбакиев президенттин администрациясынын тышкы саясат бөлүмүнүн башчысы болуп дайындалды,politika
Мамыржан Рахимов Баткендин чек арадагы айылдарын өнүктүрүү боюнча президенттин өкүлү болуп дайындалды,politika
ӨКМдин басма сөз кызматынын башчысы алмашты,politika
Нурийла Шериева саламаттык сактоо министринин орун басары болуп дайындалды,politika
Тимур Мадяров  президенттин Баткен облусундагы өкүлүнүн орун басары болуп дайындалды,politika
Каныбек Осмоналиев  Мамлекеттик тил  боюнча улуттук комиссиянын төрагасы болуп дайындалды,politika
Сыртбай Мусаев Мамлекеттик тил боюнча улуттук комиссиянын төрагасы кызматынан бошотулду,politika
Саламаттык сактоо министринин санариптик өнүктүрүү боюнча орун басары отставкага кетти,politika
Жамалбек Ырсалиев «Бишкекжылуулукэнерго» ишканасынын директору болуп дайындалды,politika
Олег Попиков Бишкектин вице-мэри болуп дайындалды,politika
Айтмурзаевге “Тоолуу региондорду өнүктүрүү боюнча иш-аракеттердин беш жылдыгы” демилгесин ишке ашыруу милдети жүктөлдү,politika
Жээнбек Кулубаев тышкы иштер министри болуп дайындалды,politika
Кыргыз улуттук “Кабар” маалымат агенттигинин директору алмашты,politika
Таалатбек Масадыков президенттин өзгөчө тапшырмалар боюнча атайын өкүлү болуп дайындалды,politika
Тышкы иштер министрлигинин жамаатына жаңы жетекчи тааныштырылды,politika
Жээнбек Кулубаев тышкы иштер министринин милдетин аткаруучу болуп дайындалды,politika
Руслан Казакбаев тышкы иштер министри кызматынан бошотулду,politika
Марат Үсөналиев Мектеп жана мектептен тышкаркы билим берүү башкармалыгынын башчылыгынан бошотулду,politika
"Султан Алыбаев ""Тазалык"" ишканасынын башчысы болуп дайындалды",politika
Ысык-Көл менен Нарын облустук драма театрларынын жетекчилери алмашты,politika
Жергиликтүү соттун судьясы Иматилла Жолдошовдун ыйгарым укуктары токтотулду,politika
“Тазалык” муниципалдык ишканасынын  жетекчилиги кызматынан бошотулду,politika
Бишкек шаарынын мэриясында кадрдык өзгөрүүлөр болду,politika
Асман шаарын куруу боюнча мамлекеттик дирекциянын башкы директору алмашты,politika
Эрлан Абдылдаев Кыргызстандын Тажикстандагы элчиси болуп дайындалды,politika
Азамат Кадыралиев президенттин протокол кызматынын жетекчиси болуп дайындалды,politika
Жарасул Абдураимов “Кыргызалтындын” жетекчиси болуп дайындалды,politika
Болотбек Борбиев Кыргызстандын Чикагодогу Башкы консулу болуп дайындалды,politika
Муса Жаманбаев Кыргызстандын Өзбекстандагы элчиси болуп дайындалды,politika
Бишкек  мэриясынын түзүмүндө кадрдык өзгөрүүлөр болду,politika
Эркин Тентишев президенттин коомдук башталыштагы кеңешчиси болуп дайындалды,politika
Эркин Тентишев президенттин Чүйдөгү ыйгарым укуктуу өкүлү кызматынан бошотулду,politika
Президенттин Чүй облусундагы ыйгарым укуктуу өкүлү алмашты,politika
Эрнест Дыйканбаев Кризистик кырдаалдарда башкаруу борборунун башчысы болуп дайындалды,politika
Бакыт Төрөбаев министрлер кабинетинин төрагасынын орун басары болуп дайындалды,politika
Кармышаков Стандартташтыруу жана метрология боюнча борбордун директору болуп дайындалды,politika
Өзбек-Кыргыз өнүктүрүү фондунун Башкармалыгынын төрагасы алмашты,politika
Бакыт Төрөбаев министрлер кабинетинин төрагасынын орун басарынын м.а. болуп дайындалды,politika
Азиз Аалиев министрлер кабинетинин төрагасынын орун басары кызматынан бошотулду,politika
Жамалбек Ырсалиев кайрадан Бишкектин вице-мэри болуп дайындалды,politika
Салык кызматынын төрагасынын орун басарлыгына Исламбек Кыдыргычов дайындалды,politika
Индира Шаршенова КР санариптик өнүктүрүү министринин орун басары болуп дайындалды,politika
Рахматулла Эгембердиев “Ыйман” фондунун директору болуп шайланды,politika
Санариптик өнүктүрүү министринин эки орун басары кызматтан бошотулду,politika
Кыргызстандын Балдар укугу боюнча ыйгарым укуктуу өкүлү алмашты,politika
Билим берүү министринин жаңы орун басарлары дайындалды,politika
"""Бишкекжашылчарба"" муниципалдык ишканасына жаңы жетекчи дайындалды",politika
Нурлан Кайыпов Нарын шаардык мэриясынын аппарат жетекчиси болду,politika
Мураталы Тагаев Жети-Өгүз районунун акими болуп дайындалды,politika
Бишкек мэриясында кадрдык өзгөрүүлөр болду,politika
Равшанбек Сабиров президентке караштуу Инвестициялар боюнча агенттиктин директору болуп дайындалды,politika
Азамат Савыралиев Ысык-Көл облустук милициясынын башчысынын орун басары болду,politika
Жусупов КРнын Улуу Британия жана Түндүк Ирландиядагы элчиси болуп дайындалды,politika
Нурсултан Шакир уулу “Ош муниципалдык турак жай” башкармалыгынын башчысы болду,politika
Ишенимден кетти. Салык кызматынын товарларды эсепке алуу пунктунун кызматкери иштен алынды,politika
Сузактагы салык органынын инспектору ишенимден кеткендигине байланыштуу иштен бошотулду,politika
Бактияр Орозов билим берүү министринин биринчи орун басары болуп дайындалды,politika
Алтынбек Сулайманов президенттин Ысык-Көлдөгү өкүлү болуп дайындалды,politika
Мирбек Кожоев президенттин Ысык-Көл облусундагы ыйгарым укуктуу өкүлү кызматынан бошотулду,politika
Юстиция министрлигине караштуу Соттук өкүлчүлүк борборуна жаңы директор дайындалды,politika
Эмилбек Абдыкадыров Бишкек шаарынын мэри болуп дайындалды,politika
Айбек Жунушалиев жаңы кызматка дайындалды. Жарлыкка президент кол койду,politika
Президент Кубатбек Кожоналиевди кызматынан бошотту,politika
"Чолпон Шаикова Чүй облустук ""СТВ"" телеканалынын директору болуп дайындалды",politika
Алмазбек Бейшеналиев билим берүү жана илим министри болуп дайындалды,politika
Аида Исмаилова Кыргызстандын Кореядагы элчиси болуп дайындалды,politika
Динара Кемелова Корея жана Вьетнамдагы элчи кызматынан бошотулду,politika
Канболот Тутуев Нарын шаарынын мэри болуп дайындалды,politika
Биринчи май районунун башчысынын орун басары болуп Улан Сарылбек уулу  дайындалды,politika
Алмазбек Бейшеналиев билим берүү министринин м.а. болуп дайындалды,politika
Болотбек Купешев билим берүү жана илим министри кызматынан бошотулду,politika
КР ТИМ башчысынын орун басары болуп Айбек Молдогазиев  дайындалды,politika
Пробация департаментинин башчысы болуп Кубан Казаков дайындалды,politika
Карыбек Дүйшеев Конституциялык соттун төрагасынын орун басары болуп дайындалды,politika
Айбек Давлетов Жогорку соттун төрагасынын орун басары болуп дайындалды,politika
Нурлан Мусаев Жогорку соттун төрагасынын орун басары болуп дайындалды,politika
Нургүл Бакирова Жогорку соттун төрагасынын орун басары болуп дайыналды,politika
Качыке Эсенканов Жогорку соттун төрагасынын орун басары кызматынан бошотулду,politika
Мирлан Байгончоков Бишкектин биринчи вице-мэри болуп дайындалды,politika
Алмазбек Истамбаев А.Малдыбаев атындагы опера жана балет театрынын башкы директору болуп дайындалды,politika
Дамир Дүйшөнов Шаардык клиникалык тез жардам ооруканасын жетектейт,politika
Нурлан Шаршеналиев Бишкектин вице-мэри болуп дайындалды,politika
Кыргыз-Түрк достук ооруканасынын башкы дарыгеринин орун басары болуп Осмонали Масалиев дайындалды,politika
Ормушева Кыргызпатентке караштуу “Инновациялык борбор” мекемесинин директору болуп дайындалды,politika
Таалайбек Орозов “Бишкексууканал” башкармалыгынын башчысы болду,politika
Рустам Кошонов Анталья шаарына башкы консул болуп дайындалды,politika
Текебаев Кыргызстандын Германиядагы элчиси болуп дайындалды,politika
Эрлан Абдылдаев Кыргызстандын Германиядагы элчиси кызматынан бошотулду,politika
Эмил Өскөнбаев Конституциялык соттун төрагасы болуп дайындалды,politika
Замирбек Базарбеков Жогорку соттун төрагасы болуп дайындалды,politika
Жаныш Рустенбеков Кыргызстандын Тажикстандагы элчиси кызматынан бошотулду,politika
Жогорку соттун төрайымы Нургүл Бакирова кызматынан бошотулду,politika
Карыбек Дүйшеев Конституциялык соттун төрагасы кызматынан бошотулду,politika
Статкомдун төрагасынын биринчи орун басарлыгына Айнура Орозбаева дайындалды,politika
Жаныш Курбанов Нарын шаарынын мэри кызматынан бошотулду,politika
Опера жана балет театрынын жетекчиси Керим Турапов кызматынан бошотулду,politika
Алмазбек Зарылбек уулу юстиция министринин орун басары болуп дайындалды,politika
Гүлнур Жайнакова билим берүү министринин орун басары болуп дайындалды,politika
Билим берүү министринин орун басары Нурлан Өмүров кызматынан бошотулду,politika
Идрис Кадыркулов Кыргызстандын Украинадагы элчиси болуп дайындалды,politika
"Жусупбек Шарипов КРнын Украина, Молдова, Болгария жана Румыниядагы элчиси кызматынан бошотулду",politika
Улукбек Марипов Кыргызстандын Сауд Аравиядагы элчиси болуп дайындалды,politika
"Эркин Тавашаров ""Электр станциялары"" ААКсына жетекчи болуп дайындалды",politika
Дастан Иманалиев КРдагы Америкалык соода палатасынын аткаруучу директору болуп дайындалды,politika
Мамлекеттик бажы кызматынын төрагалыгына Самат Исабеков дайындалды,politika
Таабалды Тиллаев транспорт жана коммуникациялар министринин орун басары болду,politika
Транспорт жана коммуникациялар министринин орун басары болуп Марат Өскөмбаев дайындалды,politika
Мелис Абдибаитов  өзгөчө кырдаалдар министринин жардамчысы болуп дайындалды,politika
Эделбек Кулматов өзгөчө кырдаалдар министринин орун басары болуп дайындалды,politika
Чыңгыз Байсов Биринчи май районунун акиминин орун басары  болуп дайындалды,politika
"Сокулук районунун акимине сөгүш жарыяланып, орун басары кызматтан алынды",politika
Талантбек Иманов санариптик өнүктүрүү министринин м.а. болуп дайындалды,politika
Дастан Догоев санариптик өнүктүрүү министри кызматынан бошотулду,politika
Нурлан Шаршеналиев энергетика жана өнөр жай министринин орун басары кызматынан бошотулду,politika
Союзбек Надырбеков маданият министринин орун басары болуп дайындалды,politika
Нурдин Алишеров айыл чарба министринин биринчи орун басары болуп дайындалды,politika
Алтынбек Жумаев президенттин администрациясынын маалыматтык саясат кызматын жетектейт,politika
Нурай Марс президенттин администрациясынын маалыматтык саясат кызматынын жетекчилигинен бошотулду,politika
Канат Абдрахманов Экономика жана коммерция министрлигинин эмгек жамаатына тааныштырылды,politika
Талантбек Кушчубеков Кыргызстандын Венгриядагы элчиси болуп дайындалды,politika
Аида Касымалиева Кыргызстандын БУУдагы туруктуу өкүлү болуп дайындалды,politika
Ибрагим Жунусов Кыргызстандын Өзбекстандагы элчиси кызматынан бошотулду,politika
Исламбек Мойдинов Кыргызпатенттин директорунун биринчи орун басары болуп дайындалды,politika
Мурат Байдылдаев айыл чарба министринин орун басары болуп дайындалды,politika
«Туратали базары» мамлекеттик ишканасынын директору алмашты,politika
Жетыбаев президенттин иш башкаруучусунун биринчи орун басары болуп дайындалды,politika
Насирдинов Улуттук статистика комитетинин төрагасынын биринчи орун басары болуп дайындалды,politika
"Талантаалы Бакчиев ""Манас"" жана Айтматов академиясынын президенти болуп дайындалды",politika
Тилек Батырканов президенттин иш башкаруучусу болуп дайындалды,politika
Улуттук статистика комитетинин төрагасы алмашты,politika
Нуртемир Мурзабеков Гидрометеорологиялык кызматынын директору болуп дайындалды,politika
Азамат Мамбетов ӨКМ башчысынын биринчи орун басары болуп дайындалды,politika
Осмонбай Борукулов Кыргызгидрометтин директору кызматынан бошотулду,politika
Мамлекеттик кызмат жана ЖӨБ иштери боюнча агенттиктин директорунун орун басарлары дайындалды,politika
Мамлекеттик кадр кызматынын директорунун орун басарлары кызматынан бошотулду,politika
Усубалиев коргоо министринин биринчи орун басары болуп дайындалды,politika
Коргоо министринин биринчи орун басары кызматынан бошотулду,politika
Улуттук кардиология жана терапия борборунун директору алмашты,politika
Жаныш Курбанов Нарын шаарынын мэри болуп дайындалды,politika
Кадамжай районунун акиминин биринчи орун басары кызматынан бошотулду,politika
Өзгөчө кырдаалдар министринин орун басары Ахматов кызматынан бошотулду,politika
“Түндүк электр” ишканасынын жетекчилиги алмашты,politika
УКМК Чек ара кызматынын директорунун биринчи орун басары – Башкы штабдын начальниги алмашты,politika
Бекташов КР УКМК Чек ара кызматынын директорунун биринчи орун басары – Башкы штабдын начальниги кызматынан бошотулду,politika
Разаев УКМКнын төрагасынын орун басары – Киберкоопсуздукту камсыз кылуу боюнча координациялык борборунун директору болуп дайындалды,politika
Жоробаев УКМК төрагасынын орун басары – Киберкоопсуздукту камсыз кылуу боюнча координациялык борборунун директорлугунан бошотулду,politika
Максат Кадыркулов Сүлүктү шаарынын мэри болуп дайындалды,politika
Ат-Башы районунун акиминин биринчи орун басары кызматынан бошотулду,politika
Мамлекеттик салык кызматынын төрагасынын эки орун басары дайындалды,politika
Акылбек Жапаров министрлик жана ведомстволордун статс-катчыларын кызматынан бошотту,politika
Жантаев Мамлекеттик кызмат жана ЖӨБ иштери боюнча мамагенттиктин директору болуп дайындалды,politika
Мамлекеттик кадр кызматынын директору кызматынан бошотулду,politika
КР Социалдык фондунда  кадрдык өзгөрүүлөр болду,politika
КР Улуттук банкынын төрагасынын эки орун басары дайындалды,politika
ОшМУнун ректору Кудайберди Кожобеков ээлеген кызматынан бошотулду,politika
Марсбек уулу Ильич айыл чарба министринин орун басары кызматынан бошотулду,politika
Жергиликтүү сотторго бир катар судьялар дайындалды,politika
Дары каражаттары жана медициналык буюмдар департаментине жаңы жетекчи келди,politika
Алмасбек Абытов президенттин жана министрлер кабинетинин ЖКдагы өкүлү болуп дайындалды,politika
Анарбек Калматов президенттин администрациясынын Ырайым кылуу боюнча комиссиясынын жооптуу катчысы болуп дайындалды,politika
Чыңгыз Эсенгул уулу маданият министринин орун басары болуп дайындалды,politika
Дастан Догоев санариптик өнүктүрүү министринин м.а. болуп дайындалды,politika
Мамлекеттик бажы кызматына жаңы төрага жана анын орун басарлары дайындалды,politika
Президенттин администрациясынын ырайым кылуу боюнча комиссиясынын жооптуу катчысы кызматтан алынды,politika
Нарын шаарына 31 жаштагы Арслан Сталбек уулу мэр болуп шайланды,politika
Руслан Суйналиев  Салык кызматынын төрагасынын орун басары болуп дайындалды,politika
Миргүл Молдоисаева Кыргызстандын БУУдагы туруктуу өкүлү кызматынан бошотулду,politika
Улан Сарбанов Финансы рыногун жөнгө салуу жана көзөмөлдөө мамкызматын жетектемей болду,politika
Президенттин администрациясында кадрдык дайындоолор болду. Жарлыкка Жапаров кол койду,politika
КТРКнын мурдагы директору Алиев Соцфонддун төрагасы болуп дайындалды,politika
Кайрат Иманалиев КТРКнын башкы директорунун м.а. болуп дайындалды,politika
Президент жергиликтүү сотторго бир катар судьяларды дайындады,politika
Жаңы дайындалган финансы министри Бакетаев жалпы жамаатына тааныштырылды,politika
Министрлер кабинетинин мүчөлөрү дайындалды — тизме,politika
Президент министрлер кабинетинин төрагасынын төрт орун басарын дайындады,politika
Акылбек Жапаров министрлер кабинетинин төрагасы болуп дайындалды,politika
Министрлер кабинетинин төрт мүчөсү мурда жүктөлгөн милдеттерин аткаруудан бошотулду,politika
Акылбек Жапаров Министрлер кабинетинин төрагасынын м.а. болуп дайындалды,politika
Марипов Министрлер кабинетинин төрагасынын милдеттерин аткаруудан бошотулду,politika
Сүйүнбек Касмамбетов мамлекеттик катчы болуп дайындалды,politika
"Мамлекеттик катчы Чолпонбек Абыкеев кызматтан бошотулуп, жаңы кызматка дайындалды",politika
Равшанбек Сабиров президенттин кеңешчиси кызматынан бошотулду,politika
Ички иштер министринин биринчи орун басары болуп Адылбек Бийбосунов дайындалды,politika
Соцфонддун төрагасынын жаңы м.а. дайындалды,politika
Мурзаева Баткен облусунун башчысынын орун басары болуп дайындалды,politika
Президент жергиликтүү сотторго бир катар судьяларды дайындады,politika
Ош мэриясынын коомчулук менен байланыш кызматынын жетекчиси алмашты,politika
Гүлнара-Клара Самат ишин айкалыштыруу менен КРнын Армениядагы элчиси болуп дайындалды,politika
Маратбек Акимбеков «ОшТВ» телеканалын жетектейт,politika
Нарын шаарынын мэри отставкага кетти,politika
Нурадил Баясов инвестициялар министринин м.а. болуп дайындалды,politika
Алмамбет Шыкмаматов инвестициялар министри кызматынан бошотулду,politika
Анаркулов Аламүдүн районунун акими болуп дайындалды,politika
Дамир Кулубаев Кара-Кулжа районунун аким болуп дайындалды,politika
Бишкек шаарынын вице-мэри алмашты,politika
«Тазалык» муниципалдык ишканасынын жетекчиси алмашты,politika
Венера Рыскулова Ош шаарынын вице-мэри болуп дайындалды,politika
«Жалалабатэлектро» ААКсынын башкы директору алмашты,politika
Рустам Жокошев “Унаа” мекемесинин директору болуп дайындалды,politika
Исламбек Мойдинов Кыргызпатенттин статс-катчысы болуп дайындалды,politika
Динара Кемелова Кыргызстандын Вьетнамдагы элчиси болуп дайындалды,politika
Русланбек Тагаев Ленин районунун акими болуп дайындалды,politika
Тимур Абдижалил Кыргызстандын Дубайдагы башкы консулу болуп дайындалды,politika
Кыргызстандын Гаунчжоудогу башкы консулу алмашты,politika
Уристем Манапов Ош облусунун башчысынын орун басары болуп дайындалды,politika
«Унаа» мекемесинин директору Турусбек Түмөнбаев ээлеген кызматынан бошотулду,politika
Мирослав Ниязов Кыргызстандын Афганистандагы элчиси кызматынан бошотулду,politika
Ноокен районуна жаңы аким дайындалды,politika
Мирлан Жакыпов “Кыргызкөмүр” ишканасынын директору болуп дайындалды,politika
Бактыбек Бекболотов Кыргызстандын коргоо министри болуп дайындалды,politika
Таалайбек Өмүралиев КР коргоо министри кызматынан бошотулду,politika
Ош шаардык мэриясында кадрдык өзгөрүүлөр болду,politika
Азиз Аалиев  КР министрлер кабинетинин төрагасынын биринчи орун басары болуп дайындалды,politika
Айбек Жунушалиев Бишкек мэринин кызматына расмий киришти,politika
Панфилов районунун акими алмашты,politika
Бишкектин вице-мэрлери алмашты,politika
Максатбек Сазыкулов Бишкектин биринчи вице-мэри болду,politika
Вице-мэр Азамат Сагындык уулу ээлеген кызматынан бошотулду,politika
Жамалбек Ырсалиев Биринчи май  районунун акими болуп дайындалды,politika
"“Кыргызстандын улуттук электр тармактары"" ишканасына жаңы жетекчи дайындалды",politika
Президент жергиликтүү сотторго бир катар судьяларды дайындады,politika
Санжарбек Болотов “Мамлекеттик-жеке өнөктөштүк борборунун” башчысы болуп дайындалды,politika
Мурдагы транспорт министри Мамлекеттик камсыздандыруу компаниясына башчы болду,politika
Миргазы Исаков Бишкек мэриясынын аппарат жетекчиси болуп дайындалды,politika
Айбек Жунушалиев Бишкек шаарынын мэринин м.а. болуп дайындалды,politika
Бишкек шаарынын мэринин милдетин аткаруучу Таалайбек Сарыбашов кызматтан кетти,politika
Башкы прокурордун орун басарлары алмашты,politika
Интеллектуалдык менчик жана инновациялар мамлекеттик агенттигинин директору алмашты,politika
Рахат Керимбаева Кыргызпатенттин директору болуп дайындалды,politika
Транспорт жана коммуникациялар министри алмашты,politika
Жаныкулов Ош облусунун башчысынын орун басары болуп дайындалды,politika
Жээнбек Кулубаев президенттин администрациясынын тышкы саясат бөлүмүнүн башчысы болуп дайындалды,politika
Дастан Дюшекеев Кыргызстандын Казакстандагы элчиси болуп дайындалды,politika
Жергиликтүү соттордун айрым судьяларынын ыйгарым укуктары токтотулду,politika
Бишкек мэриясында кадрдык өзгөрүүлөр болду,politika
Алмазбек Бейшеналиев Кыргызстандын Швейцариядагы элчиси болуп дайындалды,politika
Таалайбек Сарыбашов Бишкек мэриясынын жамаатына тааныштырылды,politika
Таалайбек Сарыбашов Бишкек шаарынын мэринин милдетин аткаруучу болуп дайындалды,politika
Бактыбек Кудайбергенов президенттин иш башкаруучусу болуп дайындалды,politika
Алмаз Мамбетов Ош шаарынын мэринин милдетин аткаруучу болуп дайындалды,politika
Улан Сатиев КТРКнын башкы директорунун орун басары болуп дайындалды,politika
Шаардык муниципалитетте кадрдык өзгөрүүлөр болду,politika
Зиядин Жамалдинов Ош облусунун башчысы болуп дайындалды,politika
Жапаров президенттин аймактардагы ыйгарым укуктуу өкүлдөрүн дайындады,politika
Экономика жана финансы министринин орун басары болуп Жарасул Абдураимов дайындалды,politika
Бекбосун Бөрүбашов президенттин кеңешчиси болуп дайындалды,politika
"Арстанбаев КРнын Австралиядагы, Жаңы Зеландиядагы жана Филиппиндеги элчиси болуп дайындалды",politika
Жаңыл Мамбеталы Жогорку соттун судьясы кызматынан бошотулду,politika
Кожомбердиев Дин иштери боюнча комиссиясынын директорунун орун басары болуп дайындалды,politika
"Архитектура, курулуш жана турак жай-коммуналдык чарба мамагенттигинине жаңы директор дайындалды",politika
Бакытбек Шокенов Статкомдун төрагасынын орун басары болуп дайындалды,politika
Нуруйпа Муканова Антикоррупциялык ишкердик кеңешинин башкы катчысы болуп дайындалды,politika
Таалатбек Масадыков Коопсуздук кеңешинин төрагасынын орун басары болуп дайындалды,politika
Мамидинова пезиденттин администрациясынын укуктук жактан камсыз кылуу бөлүмүнүн башчысы болду,politika
Чүй облсотунун судьясы Дамирбек Оңолбековдун ыйгарым укуктары мөөнөтүнөн мурда токтотулду,politika
Президент Кыргызстандын Пакистандагы жаңы элчисин дайындады,politika
Чолпонбек Абыкеев КРнын мамлекеттик катчысы болуп дайындалды,politika
Чүй башкы суу чарба башкармалыгынын башчысы кызматынан бошотулду,politika
«Кыргыз темир жолунун» башкы директору болуп Азамат Сакиев дайындалды,politika
Садык Шер-Нияз КРнын Франциядагы элчиси жана ЮНЕСКОдогу туруктуу өкүлү болуп дайындалды,politika
Кайрат Осмоналиев Кыргызстандын Азербайжандагы элчиси болуп дайындалды,politika
Жол чарба департаментинин директорлугуна Камилжан Абдыкалыков дайындалды,politika
Юстиция министрлигине жаңы статс-катчы дайындалды,politika
Мамлекеттик бажы кызматынын төрагасынын жаңы орун басары дайындалды,politika
Алтынбек Абдувапов МСК төрагасынын орун басары болуп дайындалды,politika
Энергетика жана өнөр жай министри Доскул Бекмурзаев эмгек жамаатка тааныштырылды,politika
Калманбетов Курулуш жана турак жай-коммуналдык чарба агенттигинин директору болуп дайындалды,politika
Энергетика жана өнөр жай министрлигине жаңы жетекчи дайындалды,politika
Кубанычбек Турдубаев энергетика жана өнөр жай министри кызматынан бошотулду,politika
ССМда министрдин санариптик өнүктүрүү боюнча орун басары дайындалды,politika
Президент жергиликтүү сотторго бир катар судьяларды дайындады,politika
Азамат Болгонбаев Чүй облустук драма театрына директор болуп дайындалды,politika
Мамлекеттик бажы кызматына жаңы жетекчи дайындалды,politika
Аманат Сыдыков Балыкчы шаарынын мэри болуп дайындалды,politika
Президенттин администрациясынын соттор жана прокуратура органдары менен өз ара аракеттенүү бөлүмүнүн башчысы алмашты,politika
Тойгонбай Абдыкаров Дин иштери боюнча мамкомиссиянын директору болуп дайындалды,politika
Жалал-Абад шаарынын биринчи вице-мэри болуп Азамат Раматиллаев дайындалды,politika
Чүй-Бишкек юстиция башкармалыгына жаңы жетекчи дайындалды,politika
Мукашев КРнын БУУга караштуу уюмдардын туруктуу  өкүлү кызматынан бошотулду,politika
Бейшеналиев КРнын БУУдагы жана Женевадагы эл аралык башка уюмдардагы өкүлү болуп дайындалды,politika
Орозбек Сыдыков юстиция министринин орун басары болуп дайындалды,politika
Кармышаков президенттин администрациясынын жетекчисинин биринчи орун басары болуп дайындалды,politika
Акылбек Жапаров экономика жана финансы министри болуп дайындалды,politika
Президенттин администрациясынын жетекчисинин биринчи орун басары кызматынан бошотулду,politika
Интеллектуалдык менчик жана инновациялар боюнча агенттигине жаңы директор дайындалды,politika
Тургунбеков Финчалгындоо мамлекеттик кызматынын төрагасы болуп дайындалды,politika
Ысык-Көл облусуна жаңы прокурор дайындалды,politika
Кыргызстандын чет өлкөлөрдөгү элчилери менен башкы консулдары дайындалды,politika
Залкарбек Карыбеков Мамлекеттик каттоо кызматынын төрагасынын м.а. болуп дайындалды,politika
Дастан Догоев Санариптик өнүктүрүү министрлигинин жамаатына тааныштырылды,politika
Президенттин администрациясынын бир катар түзүмдүк бөлүмдөрүнүн жетекчилери дайындалды,politika
Догоев министрлер кабинетинин төрагасынын орун басары – санариптик өнүктүрүү министри болуп дайындалды,politika
Азамат Дыйканбаев санариптик өнүктүрүү министри кызматынан бошотулду,politika
Жунушалиев министрлер кабинетинин төрагасынын биринчи орун басары болуп дайындалды,politika
Новиков министрлер кабинетинин төрагасынын биринчи орун басары кызматынан бошотулду,politika
Бишкек шаардык милициясынын башчысы болуп Азамат Ногойбаев дайындалды,politika
Артем Новиков Россия-Кыргыз өнүктүрүү фондунун төрагасы болуп дайындалды,politika
Жыпариса Рысбекова КРнын Балдар укугу боюнча ыйгарым укуктуу өкүлү болуп дайындалды,politika
Жогорку соттун судьясы Памирдин Жумагулов кызматынан бошотулду,politika
Эсен Шерботоев “Кыргыз почтасынын” башкы директору болуп дайындалды,politika
Соцфонддун төрагасынын эки орун басары алмашты,politika
Алмаз Мамбетов президенттин иш башкаруучусу болуп дайындалды,politika
Нурай Марс президенттин администрациясынын маалыматтык саясат бөлүмүнүн башчысы болуп дайындалды,politika
Президенттин администрациясынын түзүмдүк бөлүмдөрүнүн жетекчилери дайындалды,politika
Эрбол Султанбаев президенттин басма сөз катчысы болуп дайындалды,politika
Адылбек Касымалиев президенттин администрациясынын жетекчисинин орун басары болуп дайындалды,politika
Жаныбек Орозалиев Социалдык фонддун төрагасы болуп дайындалды,politika
Социалдык фонддун төрагасы Уланбек Асанов кызматтан бошотулду,politika
Элчибек Жантаев Аймактарды өнүктүрүү агенттигинин жамаатына тааныштырылды,politika
Ысык-Көл облусунун мурдагы башчысы Элчибек Жантаев жаңы кызматка дайындалды,politika
Ысык-Көл облусунун башчысы алмашты,politika
Виктория Мозгачева кайрадан Бишкек шаарынын вице-мэри болуп дайындалды,politika
Чолпонбек Абыкеев Улукбек Мариповдун кеңешчиси болуп дайындалды,politika
Марат Иманкулов КР Коопсуздук кеңешинин катчысы болуп дайындалды,politika
Рыскелди Мусаев КР Коопсуздук кеңешинин катчысы кызматынан бошотулду,politika
Руслан Кыдырмышев президенттин коомдук башталыштагы кеңешчиси болуп дайындалды,politika
Баткендин чек арадагы айылдарын калыбына келтирүү жана өнүктүрүү маселелери боюнча президенттин атайын өкүлү дайындалды,politika
Азамат Дыйканбаев Санариптик өнүктүрүү министрлигинин жамаатына тааныштырылды,politika
Министрлер Кабинетинин мүчөлөрү дайындалды,politika
Азамат Дыйканбаев Министрлер Кабинетинин төрагасынын орун басары - санариптик өнүктүрүү министри болуп дайындалды,politika
Жылдыз Бакашова КР Министрлер Кабинетинин төрагасынын орун басары болуп дайындалды,politika
Улукбек Кармышаков КР Министрлер Кабинетинин төрагасынын орун басары болуп дайындалды,politika
Артем Новиков КР Министрлер Кабинетинин төрагасынын биринчи орун басары болуп дайындалды,politika
Улукбек Марипов КР Министрлер Кабинетинин төрагасы болуп дайындалды,politika
Абдирашит Ташбалтаев өкмөттүн Баткен облусундагы өкүлүнүн орун басары болуп дайындалды,politika
Баткен жана Лейлек райондоруна жаңы акимдер дайындалды,politika
Абдикарим Алимбаев Баткен облусунун башчысы болуп дайындалды,politika
Кадамжай районунун акиминин биринчи орун басары да кызматтан кетти,politika
Акылбек Орозов Баткен районунун акими кызматынан бошотулду,politika
Баймурат Бекмуратов Лейлек районунун акими кызматынан бошотулду,politika
Баткен облусунун башчысы Өмүрбек Суваналиев отставкага кетти,politika
Бишкектин вице-мэри Айжан Чыныбаева кызматтан кетерин билдирди,politika
Арзыбек Бурканов премьер-министрдин кеңешчиси кызматынан бошотулду,politika
Алмаз Ибрагимов Президенттин коомдук башталыштагы кеңешчиси болуп дайындалды,politika
Эне-баланы коргоо улуттук борборунун директору Узакбаев кызматынан бошотулду,politika
Жергиликтүү сотторго бир катар судьялар дайындалды,politika
Сатыбалдиев Коопсуздук кеңешинин катчысынын биринчи орун басары болуп дайындалды,politika
Башкы прокурор Сыймык Жапыкеевдин кызматтан кетүү тууралуу арызын кабыл алды,politika
Акылбек Мазарипов ӨКМ башчысынын орун басары болуп дайындалды,politika
Союзбек Надырбеков Мамагенттиктин директорунун орун басары болуп дайындалды,politika
Жергиликтүү сотторго бир катар судьялар дайындалды,politika
Салык кызматынын төрагасынын орун басарлары дайындалды,politika
Нурболот Үсөнбаев Республикалык карантин жана өзгөчө кооптуу оорулар борборунун директорунун орун басары болуп дайындалды,politika
Айгүл Абдраева билим берүү министринин орун басары болуп дайындалды,politika
Санариптештирүүнү өнүктүрүү мамкызматынын башчысынын жаңы орун басары дайындалды,politika
Адилет Дубанаев Салык кызматынын төрагасынын орун басары болуп дайындалды,politika
Нурлан Кайыңбаев транспорт министринин орун басары болуп дайындалды,politika
Динара Руслан премьердин коомдук башталыштагы кеңешчиси болуп дайындалды,politika
Адинай Марипова президенттин жардамчысы болуп дайындалды,politika
"""Кадастр"" ишканасынын Бишкек филиалынын директору жана орун басары иштен убактылуу четтетилди",politika
КР ТИМ башчысынын жаңы орун басары дайындалды,politika
Санариптештирүүнү өнүктүрүү жаатындагы беш ишкананын директору кызматтан алынды,politika
Ооруларды алдын алуу жана санэпидкөзөмөл департаментине жаңы жетекчи дайындалды,politika
Улуттук онкология борборунун директору болуп Бактыгүл Султангазиева  дайындалды,politika
Улуттук фтизиатрия борборунун директору болуп Мадамин Каратаев дайындалды,politika
Актан Балбаков  Социалдык камсыздоо департаментинин директору болуп дайындалды,politika
Базарбаев саламаттык сактоо жана соцөнүктүрүү министринин орун басары болуп дайындалды,politika
Бактыбек Аманбаев Кыргызстандын АКШдагы элчиси болуп дайындалды,politika
Алмазбек Акматов Эсептөө палатасынын төрагасы болуп дайындалды,politika
Монополияга каршы жөнгө салуу мамагенттигине жаңы директор дайындалды,politika
Илияз Иманбетов Мамлекеттик салык кызматынын төрагасы болуп дайындалды,politika
Кабыл Абдалиев Мамлекеттик салык кызматынын төрагалыгынан бошотулду,politika
Айзаданын өлүмү: Бир топ жетекчилер кызматтан алынды. Тизме,politika
"""Кыргыз темир жолу"" ишканасына жаңы жетекчи дайындалды",politika
Транспорт министринин жаңы орун басары жамаатка тааныштырылды,politika
Жалал-Абад шаардык сотунун судьясынын ыйгарым укуктары токтотулду,politika
Улуттук онкология борборунун башчысы Эрнис Тилеков өз каалоосу менен кызматтан кетти,politika
Канатбек Тургунбеков Мамлекеттик финчалгындоо кызматынын төрагасы болуп дайындалды,politika
Кабыл Абдалиев Мамлекеттик салык кызматынын төрагасы болуп дайындалды,politika
"""Кыргыз темир жолу"" ишканасынын директору Василий Дашков кызматтан бошотулду",politika
Биринчи май райондук салык органынын башчысы кызматтан бошотулду,politika
Башкы прокурордун орун басары алмашты,politika
Мирлан Бакиров Мамлекеттик мүлктү башкаруу фондун жетектейт,politika
Сыймык Жапыкеев Ысык-Көл облусунун прокурору болуп дайындалды,politika
Коргоо министрлигинде бир катар дайындоолор болду,politika
Чынасыл Чыныбаев Ленин районунун акими кызматынан бошотулду,politika
Артурбек Жуманазаров ММКФнын төрагасы болуп дайындалды,politika
Саламаттык сактоо министринин жаңы орун басарлары дайындалды,politika
Исаева Дин иштери боюнча мамкомиссиясынын директорунун орун басары болуп дайындалды,politika
Соцфонддун төрагалыгына Уланбек Асанов дайындалды,politika
Бакыт Тыналиева Жогору аттестациялык комиссиясынын төрагасы кызматынан бошотолду,politika
Салтанат Аманова маданият министринин орун басары болуп дайындалды,politika
Азиз Аалиев РКӨФ башкармалыгынын төрагасы болуп дайындалды,politika
Аида Төлөгөнова Мамлекеттик ипотекалык компаниянын төрайымы болуп шайланды,politika
Эркин Тентишев Чүй облусунун башчысы болуп дайындалды,politika
Чүй облусунун башчысы ээлеген кызматынан бошотулду,politika
Тамара Слащева «Слово Кыргызстандын» директору болуп дайындалды,politika
Надырбеков Коопсуздук кеңешинин катчысынын биринчи орун басары болуп дайындалды,politika
Бакытбек Нарбеков Талас облусуна жетекчи болуп дайындалды,politika
Талас облусунун башчысы кызматынан бошотулду,politika
Маратбек Чолпонкулов «Кыргызалтын» ишканасынын башчысы болуп дайындалды,politika
Толкун Камчыбекова өкмөттүн басма сөз кызматынын башчысы болуп дайындалды,politika
Мырзакат Тыналиев «Кыргыз Туусун» жетектемей болду,politika
Ош шаарынын биринчи вице-мэрлигине Замир Юсупов дайындалды,politika
Алмаз Акматов Эсептөө палатасынын аудитору болуп шайланды,politika
Кыргызстандын Россиядагы элчиси дайындалды. Жарлыкка Жапаров кол койду,politika
Улуттук статистика комитетин Самат Насирдинов жетектейт,politika
Жергиликтүү сотко судья дайындалды,politika
Ысык-Көлдү өнүктүрүү фондуна жаңы жетекчи дайындалды,politika
